id,home_team_win
0,TRUE
1,FALSE
2,TRUE
3,TRUE
4,FALSE
5,TRUE
6,FALSE
7,TRUE
8,TRUE
9,FALSE
10,FALSE
11,TRUE
12,TRUE
13,TRUE
14,TRUE
15,TRUE
16,TRUE
17,FALSE
18,FALSE
19,TRUE
20,FALSE
21,TRUE
22,FALSE
23,TRUE
24,FALSE
25,FALSE
26,TRUE
27,TRUE
28,TRUE
29,TRUE
30,TRUE
31,TRUE
32,TRUE
33,TRUE
34,FALSE
35,TRUE
36,TRUE
37,FALSE
38,FALSE
39,TRUE
40,TRUE
41,FALSE
42,FALSE
43,TRUE
44,TRUE
45,TRUE
46,FALSE
47,TRUE
48,FALSE
49,FALSE
50,TRUE
51,FALSE
52,FALSE
53,TRUE
54,FALSE
55,TRUE
56,FALSE
57,TRUE
58,TRUE
59,FALSE
60,FALSE
61,TRUE
62,TRUE
63,TRUE
64,TRUE
65,TRUE
66,TRUE
67,TRUE
68,TRUE
69,FALSE
70,TRUE
71,TRUE
72,TRUE
73,FALSE
74,TRUE
75,FALSE
76,TRUE
77,TRUE
78,FALSE
79,TRUE
80,FALSE
81,TRUE
82,FALSE
83,TRUE
84,FALSE
85,FALSE
86,FALSE
87,FALSE
88,TRUE
89,TRUE
90,FALSE
91,TRUE
92,FALSE
93,TRUE
94,FALSE
95,FALSE
96,FALSE
97,TRUE
98,TRUE
99,FALSE
100,TRUE
101,TRUE
102,TRUE
103,TRUE
104,FALSE
105,TRUE
106,TRUE
107,TRUE
108,FALSE
109,TRUE
110,FALSE
111,FALSE
112,FALSE
113,TRUE
114,TRUE
115,FALSE
116,TRUE
117,TRUE
118,TRUE
119,TRUE
120,FALSE
121,FALSE
122,TRUE
123,TRUE
124,FALSE
125,FALSE
126,TRUE
127,TRUE
128,FALSE
129,TRUE
130,TRUE
131,TRUE
132,TRUE
133,FALSE
134,TRUE
135,TRUE
136,FALSE
137,TRUE
138,TRUE
139,TRUE
140,TRUE
141,FALSE
142,FALSE
143,TRUE
144,FALSE
145,TRUE
146,FALSE
147,FALSE
148,FALSE
149,FALSE
150,TRUE
151,TRUE
152,FALSE
153,FALSE
154,FALSE
155,TRUE
156,TRUE
157,FALSE
158,TRUE
159,TRUE
160,TRUE
161,FALSE
162,TRUE
163,TRUE
164,TRUE
165,TRUE
166,FALSE
167,TRUE
168,TRUE
169,TRUE
170,FALSE
171,TRUE
172,FALSE
173,FALSE
174,FALSE
175,TRUE
176,TRUE
177,TRUE
178,TRUE
179,TRUE
180,FALSE
181,TRUE
182,TRUE
183,FALSE
184,FALSE
185,TRUE
186,FALSE
187,FALSE
188,FALSE
189,TRUE
190,TRUE
191,TRUE
192,TRUE
193,TRUE
194,TRUE
195,TRUE
196,TRUE
197,FALSE
198,FALSE
199,TRUE
200,FALSE
201,FALSE
202,TRUE
203,TRUE
204,FALSE
205,TRUE
206,FALSE
207,TRUE
208,FALSE
209,TRUE
210,FALSE
211,FALSE
212,TRUE
213,FALSE
214,TRUE
215,FALSE
216,FALSE
217,TRUE
218,TRUE
219,TRUE
220,TRUE
221,FALSE
222,TRUE
223,FALSE
224,FALSE
225,TRUE
226,FALSE
227,TRUE
228,TRUE
229,FALSE
230,TRUE
231,FALSE
232,TRUE
233,TRUE
234,TRUE
235,TRUE
236,FALSE
237,FALSE
238,TRUE
239,TRUE
240,FALSE
241,TRUE
242,TRUE
243,TRUE
244,TRUE
245,FALSE
246,TRUE
247,TRUE
248,FALSE
249,FALSE
250,FALSE
251,TRUE
252,TRUE
253,FALSE
254,FALSE
255,TRUE
256,FALSE
257,TRUE
258,FALSE
259,FALSE
260,FALSE
261,FALSE
262,TRUE
263,TRUE
264,FALSE
265,FALSE
266,TRUE
267,TRUE
268,TRUE
269,TRUE
270,TRUE
271,FALSE
272,FALSE
273,FALSE
274,TRUE
275,FALSE
276,FALSE
277,TRUE
278,FALSE
279,TRUE
280,FALSE
281,TRUE
282,FALSE
283,FALSE
284,TRUE
285,FALSE
286,FALSE
287,TRUE
288,FALSE
289,TRUE
290,TRUE
291,FALSE
292,TRUE
293,TRUE
294,TRUE
295,FALSE
296,FALSE
297,FALSE
298,TRUE
299,TRUE
300,TRUE
301,TRUE
302,TRUE
303,TRUE
304,TRUE
305,FALSE
306,TRUE
307,FALSE
308,TRUE
309,TRUE
310,TRUE
311,TRUE
312,FALSE
313,FALSE
314,FALSE
315,TRUE
316,TRUE
317,TRUE
318,TRUE
319,TRUE
320,FALSE
321,TRUE
322,TRUE
323,FALSE
324,TRUE
325,TRUE
326,FALSE
327,TRUE
328,TRUE
329,TRUE
330,FALSE
331,FALSE
332,TRUE
333,FALSE
334,TRUE
335,TRUE
336,FALSE
337,FALSE
338,FALSE
339,FALSE
340,FALSE
341,FALSE
342,FALSE
343,FALSE
344,FALSE
345,FALSE
346,TRUE
347,FALSE
348,TRUE
349,FALSE
350,TRUE
351,FALSE
352,TRUE
353,TRUE
354,TRUE
355,FALSE
356,TRUE
357,FALSE
358,TRUE
359,TRUE
360,TRUE
361,TRUE
362,TRUE
363,TRUE
364,FALSE
365,FALSE
366,FALSE
367,FALSE
368,TRUE
369,TRUE
370,TRUE
371,FALSE
372,FALSE
373,TRUE
374,FALSE
375,FALSE
376,FALSE
377,FALSE
378,FALSE
379,TRUE
380,TRUE
381,TRUE
382,FALSE
383,TRUE
384,FALSE
385,FALSE
386,FALSE
387,TRUE
388,FALSE
389,FALSE
390,FALSE
391,TRUE
392,TRUE
393,FALSE
394,TRUE
395,TRUE
396,TRUE
397,FALSE
398,FALSE
399,TRUE
400,TRUE
401,TRUE
402,FALSE
403,FALSE
404,TRUE
405,FALSE
406,FALSE
407,TRUE
408,FALSE
409,FALSE
410,FALSE
411,TRUE
412,TRUE
413,TRUE
414,TRUE
415,TRUE
416,TRUE
417,TRUE
418,FALSE
419,FALSE
420,FALSE
421,FALSE
422,TRUE
423,TRUE
424,TRUE
425,TRUE
426,FALSE
427,TRUE
428,TRUE
429,FALSE
430,TRUE
431,TRUE
432,FALSE
433,TRUE
434,TRUE
435,FALSE
436,TRUE
437,TRUE
438,FALSE
439,FALSE
440,TRUE
441,FALSE
442,FALSE
443,TRUE
444,FALSE
445,FALSE
446,FALSE
447,FALSE
448,TRUE
449,TRUE
450,TRUE
451,FALSE
452,TRUE
453,TRUE
454,FALSE
455,TRUE
456,FALSE
457,TRUE
458,TRUE
459,TRUE
460,TRUE
461,FALSE
462,FALSE
463,FALSE
464,FALSE
465,TRUE
466,TRUE
467,TRUE
468,TRUE
469,FALSE
470,TRUE
471,FALSE
472,TRUE
473,TRUE
474,FALSE
475,TRUE
476,TRUE
477,FALSE
478,FALSE
479,FALSE
480,TRUE
481,TRUE
482,FALSE
483,TRUE
484,TRUE
485,TRUE
486,FALSE
487,TRUE
488,FALSE
489,TRUE
490,TRUE
491,TRUE
492,TRUE
493,FALSE
494,TRUE
495,FALSE
496,FALSE
497,FALSE
498,FALSE
499,FALSE
500,TRUE
501,FALSE
502,TRUE
503,TRUE
504,FALSE
505,TRUE
506,FALSE
507,FALSE
508,TRUE
509,TRUE
510,TRUE
511,FALSE
512,TRUE
513,TRUE
514,FALSE
515,TRUE
516,TRUE
517,TRUE
518,TRUE
519,FALSE
520,FALSE
521,TRUE
522,TRUE
523,FALSE
524,TRUE
525,TRUE
526,TRUE
527,TRUE
528,TRUE
529,TRUE
530,FALSE
531,TRUE
532,FALSE
533,FALSE
534,FALSE
535,TRUE
536,FALSE
537,TRUE
538,TRUE
539,TRUE
540,TRUE
541,TRUE
542,FALSE
543,FALSE
544,TRUE
545,TRUE
546,TRUE
547,TRUE
548,FALSE
549,TRUE
550,TRUE
551,TRUE
552,FALSE
553,FALSE
554,TRUE
555,FALSE
556,FALSE
557,FALSE
558,FALSE
559,TRUE
560,FALSE
561,TRUE
562,FALSE
563,TRUE
564,TRUE
565,TRUE
566,FALSE
567,FALSE
568,TRUE
569,TRUE
570,FALSE
571,TRUE
572,TRUE
573,FALSE
574,TRUE
575,FALSE
576,TRUE
577,TRUE
578,TRUE
579,FALSE
580,TRUE
581,TRUE
582,TRUE
583,FALSE
584,FALSE
585,TRUE
586,FALSE
587,FALSE
588,TRUE
589,TRUE
590,FALSE
591,TRUE
592,FALSE
593,TRUE
594,FALSE
595,TRUE
596,TRUE
597,FALSE
598,TRUE
599,FALSE
600,TRUE
601,FALSE
602,FALSE
603,FALSE
604,FALSE
605,FALSE
606,TRUE
607,TRUE
608,FALSE
609,FALSE
610,FALSE
611,TRUE
612,TRUE
613,FALSE
614,TRUE
615,FALSE
616,TRUE
617,FALSE
618,TRUE
619,TRUE
620,TRUE
621,TRUE
622,FALSE
623,FALSE
624,TRUE
625,FALSE
626,TRUE
627,FALSE
628,TRUE
629,TRUE
630,TRUE
631,TRUE
632,TRUE
633,TRUE
634,FALSE
635,TRUE
636,FALSE
637,FALSE
638,TRUE
639,FALSE
640,TRUE
641,FALSE
642,FALSE
643,TRUE
644,TRUE
645,TRUE
646,FALSE
647,TRUE
648,TRUE
649,TRUE
650,TRUE
651,FALSE
652,TRUE
653,TRUE
654,FALSE
655,TRUE
656,FALSE
657,FALSE
658,TRUE
659,FALSE
660,FALSE
661,TRUE
662,FALSE
663,TRUE
664,TRUE
665,TRUE
666,TRUE
667,TRUE
668,TRUE
669,FALSE
670,TRUE
671,TRUE
672,TRUE
673,FALSE
674,TRUE
675,FALSE
676,TRUE
677,FALSE
678,TRUE
679,TRUE
680,TRUE
681,FALSE
682,TRUE
683,TRUE
684,TRUE
685,TRUE
686,FALSE
687,TRUE
688,TRUE
689,FALSE
690,FALSE
691,TRUE
692,TRUE
693,FALSE
694,FALSE
695,FALSE
696,TRUE
697,FALSE
698,FALSE
699,TRUE
700,TRUE
701,TRUE
702,FALSE
703,TRUE
704,FALSE
705,FALSE
706,FALSE
707,TRUE
708,TRUE
709,TRUE
710,FALSE
711,TRUE
712,TRUE
713,TRUE
714,TRUE
715,TRUE
716,FALSE
717,TRUE
718,FALSE
719,FALSE
720,TRUE
721,TRUE
722,TRUE
723,FALSE
724,TRUE
725,TRUE
726,TRUE
727,TRUE
728,TRUE
729,FALSE
730,FALSE
731,FALSE
732,FALSE
733,TRUE
734,FALSE
735,TRUE
736,FALSE
737,TRUE
738,TRUE
739,FALSE
740,FALSE
741,FALSE
742,FALSE
743,TRUE
744,TRUE
745,TRUE
746,TRUE
747,FALSE
748,TRUE
749,TRUE
750,TRUE
751,TRUE
752,TRUE
753,TRUE
754,TRUE
755,FALSE
756,TRUE
757,TRUE
758,TRUE
759,TRUE
760,TRUE
761,FALSE
762,FALSE
763,TRUE
764,TRUE
765,FALSE
766,TRUE
767,FALSE
768,FALSE
769,FALSE
770,TRUE
771,TRUE
772,TRUE
773,TRUE
774,TRUE
775,TRUE
776,FALSE
777,TRUE
778,FALSE
779,FALSE
780,TRUE
781,TRUE
782,TRUE
783,FALSE
784,TRUE
785,TRUE
786,TRUE
787,FALSE
788,TRUE
789,TRUE
790,FALSE
791,FALSE
792,FALSE
793,FALSE
794,TRUE
795,FALSE
796,TRUE
797,TRUE
798,TRUE
799,TRUE
800,FALSE
801,FALSE
802,TRUE
803,TRUE
804,FALSE
805,TRUE
806,TRUE
807,FALSE
808,FALSE
809,FALSE
810,TRUE
811,FALSE
812,TRUE
813,FALSE
814,FALSE
815,FALSE
816,FALSE
817,FALSE
818,TRUE
819,TRUE
820,TRUE
821,FALSE
822,TRUE
823,TRUE
824,FALSE
825,TRUE
826,FALSE
827,FALSE
828,FALSE
829,FALSE
830,TRUE
831,FALSE
832,TRUE
833,FALSE
834,FALSE
835,FALSE
836,TRUE
837,FALSE
838,FALSE
839,TRUE
840,FALSE
841,FALSE
842,FALSE
843,FALSE
844,TRUE
845,FALSE
846,TRUE
847,TRUE
848,TRUE
849,FALSE
850,TRUE
851,TRUE
852,TRUE
853,TRUE
854,FALSE
855,TRUE
856,TRUE
857,TRUE
858,TRUE
859,TRUE
860,TRUE
861,TRUE
862,FALSE
863,TRUE
864,FALSE
865,TRUE
866,TRUE
867,TRUE
868,TRUE
869,TRUE
870,TRUE
871,TRUE
872,FALSE
873,FALSE
874,FALSE
875,FALSE
876,FALSE
877,FALSE
878,FALSE
879,TRUE
880,FALSE
881,FALSE
882,TRUE
883,TRUE
884,TRUE
885,FALSE
886,TRUE
887,TRUE
888,TRUE
889,FALSE
890,FALSE
891,FALSE
892,FALSE
893,TRUE
894,TRUE
895,FALSE
896,FALSE
897,TRUE
898,TRUE
899,FALSE
900,TRUE
901,TRUE
902,FALSE
903,TRUE
904,TRUE
905,FALSE
906,TRUE
907,FALSE
908,TRUE
909,FALSE
910,FALSE
911,TRUE
912,FALSE
913,FALSE
914,TRUE
915,TRUE
916,TRUE
917,TRUE
918,FALSE
919,TRUE
920,FALSE
921,FALSE
922,FALSE
923,TRUE
924,TRUE
925,FALSE
926,FALSE
927,TRUE
928,TRUE
929,TRUE
930,TRUE
931,FALSE
932,FALSE
933,FALSE
934,TRUE
935,FALSE
936,TRUE
937,FALSE
938,TRUE
939,FALSE
940,FALSE
941,TRUE
942,FALSE
943,TRUE
944,TRUE
945,TRUE
946,TRUE
947,TRUE
948,FALSE
949,FALSE
950,TRUE
951,TRUE
952,TRUE
953,TRUE
954,FALSE
955,TRUE
956,TRUE
957,TRUE
958,TRUE
959,TRUE
960,TRUE
961,FALSE
962,FALSE
963,FALSE
964,TRUE
965,TRUE
966,TRUE
967,TRUE
968,FALSE
969,TRUE
970,FALSE
971,TRUE
972,FALSE
973,TRUE
974,TRUE
975,TRUE
976,TRUE
977,FALSE
978,TRUE
979,FALSE
980,FALSE
981,TRUE
982,TRUE
983,TRUE
984,FALSE
985,TRUE
986,FALSE
987,FALSE
988,FALSE
989,TRUE
990,TRUE
991,TRUE
992,TRUE
993,TRUE
994,FALSE
995,TRUE
996,TRUE
997,TRUE
998,FALSE
999,TRUE
1000,TRUE
1001,TRUE
1002,FALSE
1003,TRUE
1004,FALSE
1005,TRUE
1006,FALSE
1007,TRUE
1008,TRUE
1009,FALSE
1010,FALSE
1011,TRUE
1012,FALSE
1013,FALSE
1014,FALSE
1015,FALSE
1016,TRUE
1017,TRUE
1018,TRUE
1019,TRUE
1020,FALSE
1021,TRUE
1022,FALSE
1023,TRUE
1024,TRUE
1025,FALSE
1026,TRUE
1027,TRUE
1028,FALSE
1029,FALSE
1030,FALSE
1031,FALSE
1032,TRUE
1033,TRUE
1034,FALSE
1035,TRUE
1036,TRUE
1037,TRUE
1038,FALSE
1039,FALSE
1040,FALSE
1041,TRUE
1042,FALSE
1043,FALSE
1044,TRUE
1045,TRUE
1046,FALSE
1047,TRUE
1048,TRUE
1049,TRUE
1050,TRUE
1051,TRUE
1052,FALSE
1053,TRUE
1054,TRUE
1055,FALSE
1056,FALSE
1057,FALSE
1058,FALSE
1059,FALSE
1060,FALSE
1061,TRUE
1062,TRUE
1063,TRUE
1064,TRUE
1065,TRUE
1066,TRUE
1067,FALSE
1068,FALSE
1069,TRUE
1070,TRUE
1071,TRUE
1072,FALSE
1073,TRUE
1074,FALSE
1075,TRUE
1076,FALSE
1077,TRUE
1078,FALSE
1079,FALSE
1080,TRUE
1081,TRUE
1082,FALSE
1083,FALSE
1084,TRUE
1085,TRUE
1086,FALSE
1087,FALSE
1088,TRUE
1089,TRUE
1090,TRUE
1091,FALSE
1092,TRUE
1093,FALSE
1094,FALSE
1095,TRUE
1096,FALSE
1097,TRUE
1098,FALSE
1099,TRUE
1100,TRUE
1101,TRUE
1102,FALSE
1103,FALSE
1104,FALSE
1105,TRUE
1106,TRUE
1107,TRUE
1108,TRUE
1109,FALSE
1110,TRUE
1111,TRUE
1112,FALSE
1113,TRUE
1114,TRUE
1115,TRUE
1116,TRUE
1117,FALSE
1118,FALSE
1119,TRUE
1120,TRUE
1121,FALSE
1122,TRUE
1123,TRUE
1124,FALSE
1125,FALSE
1126,FALSE
1127,TRUE
1128,FALSE
1129,FALSE
1130,FALSE
1131,TRUE
1132,TRUE
1133,FALSE
1134,FALSE
1135,TRUE
1136,FALSE
1137,TRUE
1138,TRUE
1139,TRUE
1140,TRUE
1141,FALSE
1142,FALSE
1143,FALSE
1144,FALSE
1145,TRUE
1146,TRUE
1147,FALSE
1148,FALSE
1149,TRUE
1150,FALSE
1151,TRUE
1152,FALSE
1153,FALSE
1154,FALSE
1155,FALSE
1156,FALSE
1157,TRUE
1158,TRUE
1159,FALSE
1160,FALSE
1161,TRUE
1162,FALSE
1163,FALSE
1164,FALSE
1165,TRUE
1166,FALSE
1167,FALSE
1168,TRUE
1169,TRUE
1170,TRUE
1171,TRUE
1172,FALSE
1173,FALSE
1174,FALSE
1175,FALSE
1176,FALSE
1177,TRUE
1178,FALSE
1179,FALSE
1180,TRUE
1181,FALSE
1182,TRUE
1183,TRUE
1184,FALSE
1185,TRUE
1186,TRUE
1187,FALSE
1188,FALSE
1189,TRUE
1190,FALSE
1191,TRUE
1192,FALSE
1193,FALSE
1194,TRUE
1195,TRUE
1196,FALSE
1197,TRUE
1198,TRUE
1199,FALSE
1200,TRUE
1201,FALSE
1202,TRUE
1203,FALSE
1204,FALSE
1205,FALSE
1206,TRUE
1207,FALSE
1208,TRUE
1209,FALSE
1210,TRUE
1211,TRUE
1212,FALSE
1213,FALSE
1214,FALSE
1215,TRUE
1216,TRUE
1217,FALSE
1218,FALSE
1219,FALSE
1220,FALSE
1221,FALSE
1222,TRUE
1223,FALSE
1224,FALSE
1225,FALSE
1226,TRUE
1227,FALSE
1228,TRUE
1229,TRUE
1230,FALSE
1231,TRUE
1232,FALSE
1233,TRUE
1234,FALSE
1235,TRUE
1236,FALSE
1237,FALSE
1238,TRUE
1239,FALSE
1240,FALSE
1241,TRUE
1242,FALSE
1243,FALSE
1244,FALSE
1245,FALSE
1246,TRUE
1247,TRUE
1248,TRUE
1249,FALSE
1250,TRUE
1251,TRUE
1252,TRUE
1253,TRUE
1254,FALSE
1255,FALSE
1256,TRUE
1257,TRUE
1258,TRUE
1259,FALSE
1260,TRUE
1261,TRUE
1262,FALSE
1263,TRUE
1264,FALSE
1265,TRUE
1266,FALSE
1267,TRUE
1268,TRUE
1269,FALSE
1270,TRUE
1271,TRUE
1272,FALSE
1273,TRUE
1274,FALSE
1275,FALSE
1276,TRUE
1277,FALSE
1278,TRUE
1279,FALSE
1280,TRUE
1281,FALSE
1282,TRUE
1283,TRUE
1284,TRUE
1285,FALSE
1286,FALSE
1287,FALSE
1288,TRUE
1289,TRUE
1290,TRUE
1291,TRUE
1292,TRUE
1293,FALSE
1294,FALSE
1295,TRUE
1296,FALSE
1297,TRUE
1298,TRUE
1299,TRUE
1300,TRUE
1301,FALSE
1302,TRUE
1303,TRUE
1304,TRUE
1305,TRUE
1306,TRUE
1307,FALSE
1308,FALSE
1309,TRUE
1310,FALSE
1311,TRUE
1312,TRUE
1313,FALSE
1314,TRUE
1315,FALSE
1316,TRUE
1317,TRUE
1318,TRUE
1319,FALSE
1320,TRUE
1321,FALSE
1322,TRUE
1323,TRUE
1324,TRUE
1325,FALSE
1326,TRUE
1327,TRUE
1328,TRUE
1329,TRUE
1330,FALSE
1331,TRUE
1332,TRUE
1333,TRUE
1334,TRUE
1335,FALSE
1336,FALSE
1337,TRUE
1338,TRUE
1339,FALSE
1340,TRUE
1341,TRUE
1342,FALSE
1343,TRUE
1344,TRUE
1345,FALSE
1346,TRUE
1347,TRUE
1348,TRUE
1349,FALSE
1350,FALSE
1351,FALSE
1352,FALSE
1353,TRUE
1354,TRUE
1355,FALSE
1356,FALSE
1357,FALSE
1358,FALSE
1359,FALSE
1360,TRUE
1361,TRUE
1362,FALSE
1363,TRUE
1364,TRUE
1365,TRUE
1366,FALSE
1367,FALSE
1368,FALSE
1369,TRUE
1370,FALSE
1371,TRUE
1372,TRUE
1373,TRUE
1374,FALSE
1375,TRUE
1376,TRUE
1377,TRUE
1378,FALSE
1379,FALSE
1380,FALSE
1381,TRUE
1382,FALSE
1383,TRUE
1384,TRUE
1385,FALSE
1386,FALSE
1387,TRUE
1388,FALSE
1389,TRUE
1390,TRUE
1391,TRUE
1392,TRUE
1393,FALSE
1394,TRUE
1395,TRUE
1396,TRUE
1397,TRUE
1398,TRUE
1399,FALSE
1400,TRUE
1401,TRUE
1402,FALSE
1403,FALSE
1404,FALSE
1405,TRUE
1406,FALSE
1407,FALSE
1408,FALSE
1409,TRUE
1410,FALSE
1411,FALSE
1412,TRUE
1413,FALSE
1414,FALSE
1415,FALSE
1416,FALSE
1417,TRUE
1418,TRUE
1419,FALSE
1420,TRUE
1421,FALSE
1422,TRUE
1423,TRUE
1424,TRUE
1425,TRUE
1426,FALSE
1427,TRUE
1428,FALSE
1429,TRUE
1430,FALSE
1431,FALSE
1432,FALSE
1433,TRUE
1434,TRUE
1435,TRUE
1436,FALSE
1437,TRUE
1438,TRUE
1439,FALSE
1440,TRUE
1441,TRUE
1442,TRUE
1443,TRUE
1444,FALSE
1445,FALSE
1446,TRUE
1447,FALSE
1448,TRUE
1449,FALSE
1450,FALSE
1451,FALSE
1452,TRUE
1453,FALSE
1454,FALSE
1455,TRUE
1456,TRUE
1457,TRUE
1458,TRUE
1459,TRUE
1460,TRUE
1461,FALSE
1462,FALSE
1463,FALSE
1464,FALSE
1465,TRUE
1466,FALSE
1467,FALSE
1468,FALSE
1469,FALSE
1470,FALSE
1471,TRUE
1472,FALSE
1473,TRUE
1474,TRUE
1475,TRUE
1476,TRUE
1477,FALSE
1478,TRUE
1479,TRUE
1480,TRUE
1481,TRUE
1482,FALSE
1483,FALSE
1484,TRUE
1485,FALSE
1486,FALSE
1487,FALSE
1488,TRUE
1489,FALSE
1490,FALSE
1491,TRUE
1492,FALSE
1493,FALSE
1494,FALSE
1495,TRUE
1496,TRUE
1497,FALSE
1498,TRUE
1499,TRUE
1500,TRUE
1501,TRUE
1502,FALSE
1503,TRUE
1504,TRUE
1505,FALSE
1506,TRUE
1507,FALSE
1508,TRUE
1509,FALSE
1510,TRUE
1511,TRUE
1512,TRUE
1513,TRUE
1514,TRUE
1515,TRUE
1516,FALSE
1517,FALSE
1518,TRUE
1519,TRUE
1520,TRUE
1521,FALSE
1522,TRUE
1523,FALSE
1524,TRUE
1525,TRUE
1526,TRUE
1527,TRUE
1528,FALSE
1529,TRUE
1530,TRUE
1531,FALSE
1532,TRUE
1533,TRUE
1534,TRUE
1535,FALSE
1536,TRUE
1537,TRUE
1538,FALSE
1539,FALSE
1540,FALSE
1541,TRUE
1542,TRUE
1543,FALSE
1544,FALSE
1545,FALSE
1546,TRUE
1547,TRUE
1548,TRUE
1549,TRUE
1550,FALSE
1551,TRUE
1552,TRUE
1553,FALSE
1554,FALSE
1555,TRUE
1556,FALSE
1557,TRUE
1558,TRUE
1559,FALSE
1560,FALSE
1561,FALSE
1562,TRUE
1563,TRUE
1564,FALSE
1565,TRUE
1566,TRUE
1567,FALSE
1568,FALSE
1569,TRUE
1570,TRUE
1571,FALSE
1572,TRUE
1573,TRUE
1574,FALSE
1575,FALSE
1576,FALSE
1577,FALSE
1578,FALSE
1579,FALSE
1580,FALSE
1581,TRUE
1582,TRUE
1583,FALSE
1584,FALSE
1585,FALSE
1586,FALSE
1587,FALSE
1588,TRUE
1589,FALSE
1590,TRUE
1591,FALSE
1592,TRUE
1593,TRUE
1594,TRUE
1595,TRUE
1596,FALSE
1597,TRUE
1598,TRUE
1599,TRUE
1600,FALSE
1601,TRUE
1602,FALSE
1603,TRUE
1604,TRUE
1605,FALSE
1606,FALSE
1607,TRUE
1608,FALSE
1609,TRUE
1610,FALSE
1611,TRUE
1612,TRUE
1613,TRUE
1614,TRUE
1615,TRUE
1616,FALSE
1617,FALSE
1618,TRUE
1619,FALSE
1620,TRUE
1621,TRUE
1622,TRUE
1623,TRUE
1624,FALSE
1625,TRUE
1626,FALSE
1627,TRUE
1628,FALSE
1629,TRUE
1630,FALSE
1631,TRUE
1632,FALSE
1633,FALSE
1634,FALSE
1635,TRUE
1636,FALSE
1637,FALSE
1638,FALSE
1639,TRUE
1640,TRUE
1641,FALSE
1642,TRUE
1643,TRUE
1644,TRUE
1645,FALSE
1646,TRUE
1647,FALSE
1648,FALSE
1649,FALSE
1650,FALSE
1651,TRUE
1652,TRUE
1653,FALSE
1654,TRUE
1655,FALSE
1656,TRUE
1657,TRUE
1658,FALSE
1659,FALSE
1660,TRUE
1661,FALSE
1662,FALSE
1663,FALSE
1664,TRUE
1665,FALSE
1666,FALSE
1667,FALSE
1668,FALSE
1669,FALSE
1670,FALSE
1671,TRUE
1672,FALSE
1673,TRUE
1674,FALSE
1675,FALSE
1676,TRUE
1677,FALSE
1678,FALSE
1679,FALSE
1680,TRUE
1681,FALSE
1682,TRUE
1683,TRUE
1684,TRUE
1685,FALSE
1686,FALSE
1687,FALSE
1688,TRUE
1689,FALSE
1690,TRUE
1691,TRUE
1692,TRUE
1693,TRUE
1694,TRUE
1695,FALSE
1696,FALSE
1697,FALSE
1698,FALSE
1699,TRUE
1700,TRUE
1701,FALSE
1702,FALSE
1703,TRUE
1704,TRUE
1705,FALSE
1706,FALSE
1707,FALSE
1708,TRUE
1709,TRUE
1710,TRUE
1711,FALSE
1712,FALSE
1713,FALSE
1714,TRUE
1715,TRUE
1716,FALSE
1717,FALSE
1718,FALSE
1719,TRUE
1720,FALSE
1721,TRUE
1722,FALSE
1723,TRUE
1724,TRUE
1725,FALSE
1726,FALSE
1727,TRUE
1728,TRUE
1729,TRUE
1730,FALSE
1731,FALSE
1732,TRUE
1733,FALSE
1734,TRUE
1735,FALSE
1736,FALSE
1737,FALSE
1738,FALSE
1739,FALSE
1740,FALSE
1741,TRUE
1742,FALSE
1743,FALSE
1744,FALSE
1745,FALSE
1746,TRUE
1747,FALSE
1748,FALSE
1749,TRUE
1750,TRUE
1751,TRUE
1752,TRUE
1753,TRUE
1754,TRUE
1755,FALSE
1756,TRUE
1757,FALSE
1758,FALSE
1759,FALSE
1760,FALSE
1761,TRUE
1762,TRUE
1763,TRUE
1764,FALSE
1765,TRUE
1766,TRUE
1767,FALSE
1768,TRUE
1769,TRUE
1770,FALSE
1771,TRUE
1772,TRUE
1773,FALSE
1774,FALSE
1775,TRUE
1776,FALSE
1777,FALSE
1778,FALSE
1779,TRUE
1780,TRUE
1781,FALSE
1782,TRUE
1783,TRUE
1784,TRUE
1785,TRUE
1786,FALSE
1787,FALSE
1788,TRUE
1789,TRUE
1790,TRUE
1791,FALSE
1792,FALSE
1793,FALSE
1794,FALSE
1795,TRUE
1796,FALSE
1797,TRUE
1798,TRUE
1799,TRUE
1800,TRUE
1801,FALSE
1802,TRUE
1803,TRUE
1804,TRUE
1805,TRUE
1806,FALSE
1807,TRUE
1808,TRUE
1809,TRUE
1810,FALSE
1811,TRUE
1812,TRUE
1813,FALSE
1814,FALSE
1815,FALSE
1816,TRUE
1817,FALSE
1818,FALSE
1819,FALSE
1820,FALSE
1821,TRUE
1822,FALSE
1823,TRUE
1824,FALSE
1825,TRUE
1826,TRUE
1827,TRUE
1828,TRUE
1829,TRUE
1830,TRUE
1831,FALSE
1832,TRUE
1833,TRUE
1834,TRUE
1835,TRUE
1836,TRUE
1837,TRUE
1838,TRUE
1839,FALSE
1840,TRUE
1841,TRUE
1842,TRUE
1843,TRUE
1844,TRUE
1845,FALSE
1846,FALSE
1847,TRUE
1848,TRUE
1849,FALSE
1850,FALSE
1851,FALSE
1852,TRUE
1853,TRUE
1854,TRUE
1855,TRUE
1856,TRUE
1857,FALSE
1858,TRUE
1859,TRUE
1860,TRUE
1861,FALSE
1862,TRUE
1863,FALSE
1864,TRUE
1865,FALSE
1866,TRUE
1867,TRUE
1868,FALSE
1869,TRUE
1870,FALSE
1871,FALSE
1872,TRUE
1873,FALSE
1874,TRUE
1875,TRUE
1876,TRUE
1877,FALSE
1878,FALSE
1879,FALSE
1880,TRUE
1881,TRUE
1882,FALSE
1883,FALSE
1884,FALSE
1885,TRUE
1886,TRUE
1887,TRUE
1888,FALSE
1889,TRUE
1890,TRUE
1891,TRUE
1892,TRUE
1893,TRUE
1894,TRUE
1895,TRUE
1896,FALSE
1897,TRUE
1898,FALSE
1899,FALSE
1900,TRUE
1901,FALSE
1902,TRUE
1903,TRUE
1904,TRUE
1905,FALSE
1906,TRUE
1907,TRUE
1908,TRUE
1909,FALSE
1910,FALSE
1911,FALSE
1912,FALSE
1913,TRUE
1914,TRUE
1915,FALSE
1916,TRUE
1917,FALSE
1918,TRUE
1919,FALSE
1920,FALSE
1921,TRUE
1922,TRUE
1923,TRUE
1924,FALSE
1925,TRUE
1926,TRUE
1927,TRUE
1928,FALSE
1929,TRUE
1930,TRUE
1931,TRUE
1932,TRUE
1933,TRUE
1934,FALSE
1935,TRUE
1936,FALSE
1937,TRUE
1938,FALSE
1939,TRUE
1940,TRUE
1941,TRUE
1942,FALSE
1943,FALSE
1944,FALSE
1945,TRUE
1946,FALSE
1947,FALSE
1948,FALSE
1949,TRUE
1950,TRUE
1951,TRUE
1952,FALSE
1953,TRUE
1954,FALSE
1955,FALSE
1956,TRUE
1957,FALSE
1958,TRUE
1959,TRUE
1960,TRUE
1961,FALSE
1962,TRUE
1963,TRUE
1964,TRUE
1965,TRUE
1966,TRUE
1967,TRUE
1968,FALSE
1969,FALSE
1970,TRUE
1971,FALSE
1972,TRUE
1973,TRUE
1974,FALSE
1975,FALSE
1976,TRUE
1977,FALSE
1978,TRUE
1979,TRUE
1980,TRUE
1981,FALSE
1982,TRUE
1983,FALSE
1984,TRUE
1985,FALSE
1986,FALSE
1987,TRUE
1988,TRUE
1989,TRUE
1990,FALSE
1991,TRUE
1992,TRUE
1993,TRUE
1994,FALSE
1995,TRUE
1996,TRUE
1997,TRUE
1998,TRUE
1999,TRUE
2000,TRUE
2001,FALSE
2002,TRUE
2003,FALSE
2004,FALSE
2005,TRUE
2006,TRUE
2007,TRUE
2008,TRUE
2009,FALSE
2010,TRUE
2011,TRUE
2012,TRUE
2013,TRUE
2014,TRUE
2015,FALSE
2016,TRUE
2017,TRUE
2018,TRUE
2019,TRUE
2020,TRUE
2021,FALSE
2022,TRUE
2023,FALSE
2024,TRUE
2025,FALSE
2026,TRUE
2027,TRUE
2028,TRUE
2029,FALSE
2030,TRUE
2031,TRUE
2032,FALSE
2033,TRUE
2034,FALSE
2035,TRUE
2036,TRUE
2037,TRUE
2038,FALSE
2039,FALSE
2040,FALSE
2041,FALSE
2042,TRUE
2043,TRUE
2044,FALSE
2045,FALSE
2046,FALSE
2047,TRUE
2048,TRUE
2049,TRUE
2050,TRUE
2051,FALSE
2052,FALSE
2053,TRUE
2054,TRUE
2055,TRUE
2056,FALSE
2057,FALSE
2058,FALSE
2059,TRUE
2060,FALSE
2061,FALSE
2062,TRUE
2063,TRUE
2064,FALSE
2065,TRUE
2066,TRUE
2067,FALSE
2068,TRUE
2069,FALSE
2070,FALSE
2071,FALSE
2072,FALSE
2073,FALSE
2074,FALSE
2075,TRUE
2076,FALSE
2077,FALSE
2078,TRUE
2079,TRUE
2080,TRUE
2081,FALSE
2082,FALSE
2083,TRUE
2084,FALSE
2085,FALSE
2086,FALSE
2087,FALSE
2088,TRUE
2089,TRUE
2090,FALSE
2091,FALSE
2092,FALSE
2093,FALSE
2094,TRUE
2095,TRUE
2096,FALSE
2097,TRUE
2098,TRUE
2099,FALSE
2100,TRUE
2101,TRUE
2102,TRUE
2103,TRUE
2104,FALSE
2105,TRUE
2106,TRUE
2107,TRUE
2108,FALSE
2109,FALSE
2110,FALSE
2111,TRUE
2112,FALSE
2113,TRUE
2114,TRUE
2115,FALSE
2116,FALSE
2117,TRUE
2118,FALSE
2119,TRUE
2120,FALSE
2121,FALSE
2122,TRUE
2123,TRUE
2124,FALSE
2125,TRUE
2126,TRUE
2127,TRUE
2128,FALSE
2129,FALSE
2130,TRUE
2131,TRUE
2132,TRUE
2133,FALSE
2134,TRUE
2135,TRUE
2136,FALSE
2137,FALSE
2138,TRUE
2139,FALSE
2140,FALSE
2141,TRUE
2142,FALSE
2143,FALSE
2144,FALSE
2145,FALSE
2146,TRUE
2147,TRUE
2148,FALSE
2149,TRUE
2150,TRUE
2151,TRUE
2152,TRUE
2153,TRUE
2154,TRUE
2155,FALSE
2156,FALSE
2157,TRUE
2158,FALSE
2159,TRUE
2160,TRUE
2161,FALSE
2162,FALSE
2163,FALSE
2164,TRUE
2165,FALSE
2166,TRUE
2167,TRUE
2168,FALSE
2169,TRUE
2170,FALSE
2171,TRUE
2172,TRUE
2173,TRUE
2174,TRUE
2175,TRUE
2176,FALSE
2177,FALSE
2178,FALSE
2179,FALSE
2180,TRUE
2181,FALSE
2182,FALSE
2183,TRUE
2184,FALSE
2185,FALSE
2186,TRUE
2187,FALSE
2188,TRUE
2189,FALSE
2190,TRUE
2191,TRUE
2192,TRUE
2193,FALSE
2194,TRUE
2195,TRUE
2196,FALSE
2197,TRUE
2198,FALSE
2199,TRUE
2200,TRUE
2201,TRUE
2202,TRUE
2203,FALSE
2204,FALSE
2205,FALSE
2206,TRUE
2207,FALSE
2208,TRUE
2209,FALSE
2210,TRUE
2211,FALSE
2212,TRUE
2213,FALSE
2214,TRUE
2215,FALSE
2216,TRUE
2217,FALSE
2218,FALSE
2219,TRUE
2220,FALSE
2221,FALSE
2222,TRUE
2223,FALSE
2224,TRUE
2225,TRUE
2226,TRUE
2227,TRUE
2228,FALSE
2229,TRUE
2230,TRUE
2231,TRUE
2232,FALSE
2233,FALSE
2234,TRUE
2235,TRUE
2236,FALSE
2237,TRUE
2238,TRUE
2239,TRUE
2240,FALSE
2241,FALSE
2242,FALSE
2243,TRUE
2244,TRUE
2245,TRUE
2246,TRUE
2247,FALSE
2248,FALSE
2249,FALSE
2250,FALSE
2251,FALSE
2252,TRUE
2253,TRUE
2254,TRUE
2255,FALSE
2256,FALSE
2257,TRUE
2258,TRUE
2259,FALSE
2260,TRUE
2261,TRUE
2262,FALSE
2263,FALSE
2264,TRUE
2265,FALSE
2266,FALSE
2267,TRUE
2268,TRUE
2269,TRUE
2270,TRUE
2271,FALSE
2272,FALSE
2273,TRUE
2274,TRUE
2275,TRUE
2276,FALSE
2277,FALSE
2278,FALSE
2279,TRUE
2280,FALSE
2281,FALSE
2282,FALSE
2283,TRUE
2284,TRUE
2285,FALSE
2286,TRUE
2287,TRUE
2288,FALSE
2289,TRUE
2290,TRUE
2291,FALSE
2292,FALSE
2293,FALSE
2294,TRUE
2295,FALSE
2296,TRUE
2297,FALSE
2298,FALSE
2299,TRUE
2300,TRUE
2301,FALSE
2302,FALSE
2303,TRUE
2304,TRUE
2305,TRUE
2306,TRUE
2307,FALSE
2308,FALSE
2309,TRUE
2310,FALSE
2311,FALSE
2312,TRUE
2313,FALSE
2314,FALSE
2315,FALSE
2316,TRUE
2317,TRUE
2318,TRUE
2319,TRUE
2320,FALSE
2321,FALSE
2322,TRUE
2323,TRUE
2324,FALSE
2325,TRUE
2326,FALSE
2327,FALSE
2328,TRUE
2329,TRUE
2330,FALSE
2331,FALSE
2332,FALSE
2333,FALSE
2334,TRUE
2335,TRUE
2336,TRUE
2337,FALSE
2338,FALSE
2339,FALSE
2340,FALSE
2341,TRUE
2342,TRUE
2343,TRUE
2344,TRUE
2345,FALSE
2346,FALSE
2347,TRUE
2348,TRUE
2349,TRUE
2350,TRUE
2351,FALSE
2352,FALSE
2353,TRUE
2354,FALSE
2355,TRUE
2356,FALSE
2357,FALSE
2358,FALSE
2359,FALSE
2360,FALSE
2361,FALSE
2362,TRUE
2363,FALSE
2364,FALSE
2365,TRUE
2366,TRUE
2367,TRUE
2368,TRUE
2369,TRUE
2370,FALSE
2371,TRUE
2372,TRUE
2373,TRUE
2374,TRUE
2375,TRUE
2376,FALSE
2377,TRUE
2378,FALSE
2379,TRUE
2380,FALSE
2381,FALSE
2382,TRUE
2383,TRUE
2384,FALSE
2385,FALSE
2386,TRUE
2387,TRUE
2388,FALSE
2389,TRUE
2390,TRUE
2391,TRUE
2392,FALSE
2393,FALSE
2394,FALSE
2395,FALSE
2396,FALSE
2397,TRUE
2398,TRUE
2399,TRUE
2400,TRUE
2401,FALSE
2402,FALSE
2403,TRUE
2404,FALSE
2405,FALSE
2406,TRUE
2407,TRUE
2408,FALSE
2409,TRUE
2410,FALSE
2411,FALSE
2412,FALSE
2413,FALSE
2414,FALSE
2415,TRUE
2416,FALSE
2417,TRUE
2418,FALSE
2419,TRUE
2420,FALSE
2421,TRUE
2422,TRUE
2423,TRUE
2424,TRUE
2425,FALSE
2426,FALSE
2427,TRUE
2428,TRUE
2429,TRUE
2430,FALSE
2431,FALSE
2432,TRUE
2433,TRUE
2434,FALSE
2435,TRUE
2436,FALSE
2437,TRUE
2438,TRUE
2439,TRUE
2440,TRUE
2441,FALSE
2442,TRUE
2443,TRUE
2444,TRUE
2445,TRUE
2446,TRUE
2447,FALSE
2448,TRUE
2449,TRUE
2450,TRUE
2451,TRUE
2452,TRUE
2453,FALSE
2454,TRUE
2455,FALSE
2456,FALSE
2457,FALSE
2458,FALSE
2459,TRUE
2460,TRUE
2461,FALSE
2462,FALSE
2463,FALSE
2464,FALSE
2465,FALSE
2466,FALSE
2467,FALSE
2468,TRUE
2469,TRUE
2470,TRUE
2471,FALSE
2472,TRUE
2473,TRUE
2474,TRUE
2475,FALSE
2476,TRUE
2477,FALSE
2478,TRUE
2479,FALSE
2480,FALSE
2481,FALSE
2482,FALSE
2483,TRUE
2484,TRUE
2485,TRUE
2486,TRUE
2487,TRUE
2488,FALSE
2489,FALSE
2490,TRUE
2491,FALSE
2492,FALSE
2493,FALSE
2494,FALSE
2495,FALSE
2496,FALSE
2497,FALSE
2498,FALSE
2499,FALSE
2500,TRUE
2501,FALSE
2502,TRUE
2503,TRUE
2504,FALSE
2505,FALSE
2506,FALSE
2507,TRUE
2508,FALSE
2509,FALSE
2510,FALSE
2511,TRUE
2512,TRUE
2513,TRUE
2514,TRUE
2515,TRUE
2516,TRUE
2517,TRUE
2518,TRUE
2519,TRUE
2520,FALSE
2521,TRUE
2522,TRUE
2523,FALSE
2524,FALSE
2525,TRUE
2526,FALSE
2527,TRUE
2528,FALSE
2529,TRUE
2530,FALSE
2531,TRUE
2532,TRUE
2533,TRUE
2534,FALSE
2535,TRUE
2536,FALSE
2537,FALSE
2538,FALSE
2539,TRUE
2540,FALSE
2541,FALSE
2542,TRUE
2543,TRUE
2544,TRUE
2545,FALSE
2546,FALSE
2547,TRUE
2548,TRUE
2549,TRUE
2550,TRUE
2551,FALSE
2552,TRUE
2553,FALSE
2554,FALSE
2555,TRUE
2556,TRUE
2557,FALSE
2558,FALSE
2559,TRUE
2560,FALSE
2561,TRUE
2562,TRUE
2563,TRUE
2564,FALSE
2565,TRUE
2566,TRUE
2567,FALSE
2568,FALSE
2569,FALSE
2570,TRUE
2571,FALSE
2572,TRUE
2573,FALSE
2574,TRUE
2575,TRUE
2576,TRUE
2577,FALSE
2578,FALSE
2579,FALSE
2580,TRUE
2581,FALSE
2582,TRUE
2583,FALSE
2584,TRUE
2585,FALSE
2586,FALSE
2587,TRUE
2588,FALSE
2589,TRUE
2590,FALSE
2591,TRUE
2592,FALSE
2593,FALSE
2594,TRUE
2595,TRUE
2596,FALSE
2597,FALSE
2598,TRUE
2599,TRUE
2600,TRUE
2601,TRUE
2602,TRUE
2603,TRUE
2604,FALSE
2605,TRUE
2606,TRUE
2607,FALSE
2608,TRUE
2609,FALSE
2610,FALSE
2611,TRUE
2612,TRUE
2613,TRUE
2614,TRUE
2615,FALSE
2616,TRUE
2617,TRUE
2618,FALSE
2619,TRUE
2620,FALSE
2621,FALSE
2622,FALSE
2623,TRUE
2624,TRUE
2625,TRUE
2626,TRUE
2627,FALSE
2628,TRUE
2629,FALSE
2630,TRUE
2631,FALSE
2632,TRUE
2633,TRUE
2634,TRUE
2635,TRUE
2636,FALSE
2637,TRUE
2638,FALSE
2639,FALSE
2640,FALSE
2641,FALSE
2642,TRUE
2643,FALSE
2644,TRUE
2645,TRUE
2646,TRUE
2647,FALSE
2648,TRUE
2649,FALSE
2650,FALSE
2651,FALSE
2652,TRUE
2653,FALSE
2654,TRUE
2655,FALSE
2656,TRUE
2657,TRUE
2658,FALSE
2659,FALSE
2660,TRUE
2661,TRUE
2662,FALSE
2663,TRUE
2664,FALSE
2665,FALSE
2666,TRUE
2667,FALSE
2668,TRUE
2669,TRUE
2670,FALSE
2671,FALSE
2672,FALSE
2673,FALSE
2674,FALSE
2675,FALSE
2676,TRUE
2677,FALSE
2678,TRUE
2679,TRUE
2680,TRUE
2681,TRUE
2682,FALSE
2683,FALSE
2684,FALSE
2685,FALSE
2686,TRUE
2687,FALSE
2688,TRUE
2689,TRUE
2690,TRUE
2691,TRUE
2692,FALSE
2693,FALSE
2694,TRUE
2695,TRUE
2696,FALSE
2697,FALSE
2698,TRUE
2699,FALSE
2700,FALSE
2701,TRUE
2702,TRUE
2703,TRUE
2704,FALSE
2705,FALSE
2706,TRUE
2707,FALSE
2708,FALSE
2709,TRUE
2710,TRUE
2711,TRUE
2712,TRUE
2713,TRUE
2714,FALSE
2715,TRUE
2716,FALSE
2717,TRUE
2718,TRUE
2719,TRUE
2720,FALSE
2721,TRUE
2722,FALSE
2723,FALSE
2724,TRUE
2725,TRUE
2726,FALSE
2727,TRUE
2728,TRUE
2729,TRUE
2730,FALSE
2731,TRUE
2732,TRUE
2733,FALSE
2734,FALSE
2735,FALSE
2736,TRUE
2737,FALSE
2738,TRUE
2739,FALSE
2740,FALSE
2741,FALSE
2742,TRUE
2743,FALSE
2744,FALSE
2745,TRUE
2746,TRUE
2747,TRUE
2748,TRUE
2749,FALSE
2750,FALSE
2751,TRUE
2752,FALSE
2753,FALSE
2754,FALSE
2755,TRUE
2756,FALSE
2757,TRUE
2758,FALSE
2759,TRUE
2760,TRUE
2761,FALSE
2762,TRUE
2763,TRUE
2764,TRUE
2765,TRUE
2766,TRUE
2767,FALSE
2768,FALSE
2769,TRUE
2770,FALSE
2771,TRUE
2772,TRUE
2773,FALSE
2774,TRUE
2775,TRUE
2776,TRUE
2777,TRUE
2778,FALSE
2779,FALSE
2780,TRUE
2781,TRUE
2782,FALSE
2783,FALSE
2784,FALSE
2785,TRUE
2786,FALSE
2787,TRUE
2788,TRUE
2789,TRUE
2790,TRUE
2791,TRUE
2792,TRUE
2793,FALSE
2794,FALSE
2795,TRUE
2796,FALSE
2797,TRUE
2798,FALSE
2799,FALSE
2800,TRUE
2801,FALSE
2802,FALSE
2803,FALSE
2804,FALSE
2805,TRUE
2806,FALSE
2807,TRUE
2808,TRUE
2809,TRUE
2810,FALSE
2811,FALSE
2812,FALSE
2813,FALSE
2814,TRUE
2815,TRUE
2816,FALSE
2817,FALSE
2818,TRUE
2819,FALSE
2820,FALSE
2821,TRUE
2822,TRUE
2823,FALSE
2824,TRUE
2825,FALSE
2826,TRUE
2827,TRUE
2828,TRUE
2829,FALSE
2830,FALSE
2831,TRUE
2832,TRUE
2833,TRUE
2834,FALSE
2835,TRUE
2836,TRUE
2837,TRUE
2838,TRUE
2839,TRUE
2840,FALSE
2841,TRUE
2842,FALSE
2843,TRUE
2844,TRUE
2845,FALSE
2846,TRUE
2847,FALSE
2848,TRUE
2849,TRUE
2850,TRUE
2851,TRUE
2852,TRUE
2853,FALSE
2854,TRUE
2855,FALSE
2856,FALSE
2857,FALSE
2858,FALSE
2859,FALSE
2860,TRUE
2861,TRUE
2862,TRUE
2863,TRUE
2864,FALSE
2865,TRUE
2866,FALSE
2867,FALSE
2868,FALSE
2869,FALSE
2870,TRUE
2871,TRUE
2872,FALSE
2873,FALSE
2874,TRUE
2875,FALSE
2876,TRUE
2877,FALSE
2878,FALSE
2879,FALSE
2880,FALSE
2881,FALSE
2882,FALSE
2883,FALSE
2884,FALSE
2885,FALSE
2886,TRUE
2887,TRUE
2888,FALSE
2889,FALSE
2890,TRUE
2891,TRUE
2892,TRUE
2893,FALSE
2894,TRUE
2895,FALSE
2896,FALSE
2897,TRUE
2898,FALSE
2899,FALSE
2900,TRUE
2901,FALSE
2902,FALSE
2903,TRUE
2904,TRUE
2905,TRUE
2906,FALSE
2907,FALSE
2908,FALSE
2909,FALSE
2910,FALSE
2911,FALSE
2912,TRUE
2913,FALSE
2914,TRUE
2915,TRUE
2916,FALSE
2917,FALSE
2918,FALSE
2919,FALSE
2920,TRUE
2921,FALSE
2922,TRUE
2923,TRUE
2924,TRUE
2925,TRUE
2926,TRUE
2927,FALSE
2928,FALSE
2929,TRUE
2930,FALSE
2931,FALSE
2932,FALSE
2933,TRUE
2934,TRUE
2935,FALSE
2936,TRUE
2937,TRUE
2938,TRUE
2939,TRUE
2940,FALSE
2941,FALSE
2942,FALSE
2943,TRUE
2944,FALSE
2945,TRUE
2946,FALSE
2947,FALSE
2948,TRUE
2949,TRUE
2950,FALSE
2951,TRUE
2952,FALSE
2953,FALSE
2954,TRUE
2955,FALSE
2956,TRUE
2957,FALSE
2958,FALSE
2959,FALSE
2960,TRUE
2961,FALSE
2962,FALSE
2963,TRUE
2964,TRUE
2965,TRUE
2966,FALSE
2967,FALSE
2968,TRUE
2969,TRUE
2970,FALSE
2971,FALSE
2972,TRUE
2973,FALSE
2974,FALSE
2975,TRUE
2976,FALSE
2977,TRUE
2978,TRUE
2979,FALSE
2980,FALSE
2981,FALSE
2982,TRUE
2983,FALSE
2984,FALSE
2985,TRUE
2986,FALSE
2987,TRUE
2988,FALSE
2989,TRUE
2990,TRUE
2991,FALSE
2992,TRUE
2993,TRUE
2994,FALSE
2995,FALSE
2996,FALSE
2997,TRUE
2998,FALSE
2999,TRUE
3000,TRUE
3001,FALSE
3002,FALSE
3003,FALSE
3004,FALSE
3005,FALSE
3006,TRUE
3007,FALSE
3008,TRUE
3009,TRUE
3010,FALSE
3011,FALSE
3012,TRUE
3013,FALSE
3014,FALSE
3015,TRUE
3016,TRUE
3017,FALSE
3018,TRUE
3019,FALSE
3020,TRUE
3021,FALSE
3022,FALSE
3023,FALSE
3024,FALSE
3025,FALSE
3026,FALSE
3027,TRUE
3028,TRUE
3029,TRUE
3030,TRUE
3031,FALSE
3032,TRUE
3033,TRUE
3034,FALSE
3035,FALSE
3036,TRUE
3037,FALSE
3038,FALSE
3039,TRUE
3040,TRUE
3041,FALSE
3042,FALSE
3043,TRUE
3044,FALSE
3045,FALSE
3046,TRUE
3047,TRUE
3048,FALSE
3049,TRUE
3050,FALSE
3051,FALSE
3052,TRUE
3053,FALSE
3054,TRUE
3055,TRUE
3056,FALSE
3057,TRUE
3058,FALSE
3059,TRUE
3060,TRUE
3061,FALSE
3062,TRUE
3063,FALSE
3064,FALSE
3065,FALSE
3066,TRUE
3067,TRUE
3068,FALSE
3069,FALSE
3070,FALSE
3071,FALSE
3072,TRUE
3073,FALSE
3074,TRUE
3075,TRUE
3076,TRUE
3077,FALSE
3078,FALSE
3079,FALSE
3080,TRUE
3081,TRUE
3082,TRUE
3083,TRUE
3084,FALSE
3085,FALSE
3086,TRUE
3087,TRUE
3088,FALSE
3089,FALSE
3090,TRUE
3091,TRUE
3092,TRUE
3093,FALSE
3094,FALSE
3095,FALSE
3096,TRUE
3097,FALSE
3098,TRUE
3099,FALSE
3100,FALSE
3101,TRUE
3102,TRUE
3103,TRUE
3104,FALSE
3105,TRUE
3106,TRUE
3107,TRUE
3108,FALSE
3109,FALSE
3110,TRUE
3111,FALSE
3112,TRUE
3113,FALSE
3114,TRUE
3115,FALSE
3116,TRUE
3117,TRUE
3118,FALSE
3119,TRUE
3120,TRUE
3121,TRUE
3122,TRUE
3123,TRUE
3124,FALSE
3125,FALSE
3126,TRUE
3127,TRUE
3128,TRUE
3129,FALSE
3130,TRUE
3131,FALSE
3132,FALSE
3133,FALSE
3134,FALSE
3135,FALSE
3136,FALSE
3137,TRUE
3138,TRUE
3139,TRUE
3140,TRUE
3141,FALSE
3142,TRUE
3143,FALSE
3144,FALSE
3145,FALSE
3146,FALSE
3147,TRUE
3148,TRUE
3149,FALSE
3150,TRUE
3151,FALSE
3152,TRUE
3153,TRUE
3154,FALSE
3155,FALSE
3156,TRUE
3157,FALSE
3158,FALSE
3159,FALSE
3160,FALSE
3161,FALSE
3162,FALSE
3163,TRUE
3164,FALSE
3165,TRUE
3166,FALSE
3167,TRUE
3168,TRUE
3169,FALSE
3170,FALSE
3171,TRUE
3172,FALSE
3173,FALSE
3174,TRUE
3175,TRUE
3176,FALSE
3177,TRUE
3178,FALSE
3179,FALSE
3180,FALSE
3181,FALSE
3182,TRUE
3183,FALSE
3184,TRUE
3185,TRUE
3186,TRUE
3187,TRUE
3188,TRUE
3189,TRUE
3190,TRUE
3191,TRUE
3192,TRUE
3193,FALSE
3194,FALSE
3195,FALSE
3196,FALSE
3197,FALSE
3198,FALSE
3199,TRUE
3200,FALSE
3201,TRUE
3202,FALSE
3203,FALSE
3204,TRUE
3205,FALSE
3206,FALSE
3207,FALSE
3208,TRUE
3209,FALSE
3210,FALSE
3211,TRUE
3212,TRUE
3213,TRUE
3214,TRUE
3215,TRUE
3216,FALSE
3217,FALSE
3218,FALSE
3219,FALSE
3220,FALSE
3221,FALSE
3222,TRUE
3223,FALSE
3224,TRUE
3225,TRUE
3226,TRUE
3227,TRUE
3228,FALSE
3229,FALSE
3230,TRUE
3231,FALSE
3232,FALSE
3233,FALSE
3234,FALSE
3235,FALSE
3236,TRUE
3237,FALSE
3238,FALSE
3239,FALSE
3240,FALSE
3241,FALSE
3242,TRUE
3243,TRUE
3244,FALSE
3245,TRUE
3246,TRUE
3247,TRUE
3248,TRUE
3249,FALSE
3250,TRUE
3251,FALSE
3252,FALSE
3253,TRUE
3254,FALSE
3255,TRUE
3256,FALSE
3257,FALSE
3258,TRUE
3259,TRUE
3260,FALSE
3261,FALSE
3262,FALSE
3263,TRUE
3264,TRUE
3265,FALSE
3266,FALSE
3267,TRUE
3268,TRUE
3269,TRUE
3270,TRUE
3271,FALSE
3272,FALSE
3273,TRUE
3274,TRUE
3275,TRUE
3276,TRUE
3277,TRUE
3278,TRUE
3279,TRUE
3280,TRUE
3281,FALSE
3282,TRUE
3283,FALSE
3284,FALSE
3285,FALSE
3286,TRUE
3287,TRUE
3288,TRUE
3289,FALSE
3290,TRUE
3291,FALSE
3292,TRUE
3293,TRUE
3294,FALSE
3295,TRUE
3296,TRUE
3297,TRUE
3298,FALSE
3299,FALSE
3300,FALSE
3301,FALSE
3302,FALSE
3303,TRUE
3304,FALSE
3305,FALSE
3306,TRUE
3307,TRUE
3308,TRUE
3309,FALSE
3310,TRUE
3311,TRUE
3312,FALSE
3313,TRUE
3314,FALSE
3315,TRUE
3316,FALSE
3317,FALSE
3318,FALSE
3319,FALSE
3320,TRUE
3321,TRUE
3322,FALSE
3323,TRUE
3324,FALSE
3325,TRUE
3326,FALSE
3327,FALSE
3328,TRUE
3329,FALSE
3330,FALSE
3331,FALSE
3332,FALSE
3333,TRUE
3334,FALSE
3335,FALSE
3336,TRUE
3337,FALSE
3338,TRUE
3339,TRUE
3340,FALSE
3341,TRUE
3342,FALSE
3343,TRUE
3344,TRUE
3345,FALSE
3346,FALSE
3347,FALSE
3348,FALSE
3349,FALSE
3350,TRUE
3351,TRUE
3352,TRUE
3353,TRUE
3354,FALSE
3355,TRUE
3356,FALSE
3357,TRUE
3358,TRUE
3359,TRUE
3360,FALSE
3361,FALSE
3362,TRUE
3363,TRUE
3364,FALSE
3365,FALSE
3366,TRUE
3367,TRUE
3368,FALSE
3369,TRUE
3370,TRUE
3371,FALSE
3372,TRUE
3373,FALSE
3374,TRUE
3375,TRUE
3376,TRUE
3377,TRUE
3378,TRUE
3379,TRUE
3380,TRUE
3381,TRUE
3382,FALSE
3383,FALSE
3384,FALSE
3385,FALSE
3386,FALSE
3387,TRUE
3388,TRUE
3389,TRUE
3390,TRUE
3391,FALSE
3392,TRUE
3393,TRUE
3394,FALSE
3395,TRUE
3396,TRUE
3397,FALSE
3398,TRUE
3399,TRUE
3400,TRUE
3401,FALSE
3402,TRUE
3403,TRUE
3404,TRUE
3405,TRUE
3406,FALSE
3407,TRUE
3408,FALSE
3409,TRUE
3410,TRUE
3411,FALSE
3412,TRUE
3413,TRUE
3414,TRUE
3415,FALSE
3416,TRUE
3417,TRUE
3418,TRUE
3419,FALSE
3420,TRUE
3421,FALSE
3422,TRUE
3423,FALSE
3424,FALSE
3425,TRUE
3426,TRUE
3427,FALSE
3428,FALSE
3429,FALSE
3430,TRUE
3431,TRUE
3432,TRUE
3433,TRUE
3434,FALSE
3435,TRUE
3436,TRUE
3437,FALSE
3438,FALSE
3439,TRUE
3440,TRUE
3441,TRUE
3442,TRUE
3443,TRUE
3444,TRUE
3445,FALSE
3446,FALSE
3447,FALSE
3448,TRUE
3449,TRUE
3450,FALSE
3451,FALSE
3452,FALSE
3453,TRUE
3454,FALSE
3455,TRUE
3456,FALSE
3457,FALSE
3458,TRUE
3459,FALSE
3460,FALSE
3461,FALSE
3462,FALSE
3463,TRUE
3464,FALSE
3465,TRUE
3466,FALSE
3467,FALSE
3468,FALSE
3469,FALSE
3470,TRUE
3471,TRUE
3472,FALSE
3473,TRUE
3474,TRUE
3475,TRUE
3476,FALSE
3477,TRUE
3478,TRUE
3479,TRUE
3480,FALSE
3481,FALSE
3482,TRUE
3483,FALSE
3484,FALSE
3485,TRUE
3486,TRUE
3487,FALSE
3488,FALSE
3489,TRUE
3490,TRUE
3491,TRUE
3492,TRUE
3493,FALSE
3494,FALSE
3495,TRUE
3496,TRUE
3497,TRUE
3498,FALSE
3499,TRUE
3500,FALSE
3501,FALSE
3502,TRUE
3503,TRUE
3504,TRUE
3505,FALSE
3506,TRUE
3507,TRUE
3508,TRUE
3509,TRUE
3510,FALSE
3511,FALSE
3512,TRUE
3513,TRUE
3514,FALSE
3515,FALSE
3516,TRUE
3517,TRUE
3518,FALSE
3519,FALSE
3520,TRUE
3521,TRUE
3522,TRUE
3523,TRUE
3524,TRUE
3525,TRUE
3526,FALSE
3527,TRUE
3528,TRUE
3529,FALSE
3530,TRUE
3531,FALSE
3532,TRUE
3533,FALSE
3534,FALSE
3535,TRUE
3536,FALSE
3537,FALSE
3538,TRUE
3539,TRUE
3540,TRUE
3541,FALSE
3542,FALSE
3543,TRUE
3544,FALSE
3545,TRUE
3546,TRUE
3547,TRUE
3548,FALSE
3549,FALSE
3550,TRUE
3551,FALSE
3552,TRUE
3553,TRUE
3554,FALSE
3555,TRUE
3556,TRUE
3557,TRUE
3558,TRUE
3559,FALSE
3560,FALSE
3561,TRUE
3562,FALSE
3563,TRUE
3564,TRUE
3565,FALSE
3566,FALSE
3567,FALSE
3568,TRUE
3569,TRUE
3570,FALSE
3571,TRUE
3572,TRUE
3573,FALSE
3574,FALSE
3575,FALSE
3576,TRUE
3577,TRUE
3578,TRUE
3579,TRUE
3580,FALSE
3581,TRUE
3582,FALSE
3583,FALSE
3584,TRUE
3585,TRUE
3586,TRUE
3587,TRUE
3588,FALSE
3589,TRUE
3590,FALSE
3591,TRUE
3592,FALSE
3593,FALSE
3594,FALSE
3595,TRUE
3596,TRUE
3597,TRUE
3598,TRUE
3599,FALSE
3600,FALSE
3601,TRUE
3602,FALSE
3603,TRUE
3604,FALSE
3605,FALSE
3606,TRUE
3607,TRUE
3608,TRUE
3609,FALSE
3610,FALSE
3611,TRUE
3612,FALSE
3613,FALSE
3614,TRUE
3615,FALSE
3616,TRUE
3617,TRUE
3618,FALSE
3619,TRUE
3620,FALSE
3621,TRUE
3622,TRUE
3623,TRUE
3624,TRUE
3625,TRUE
3626,TRUE
3627,FALSE
3628,FALSE
3629,FALSE
3630,TRUE
3631,TRUE
3632,TRUE
3633,FALSE
3634,TRUE
3635,TRUE
3636,FALSE
3637,FALSE
3638,TRUE
3639,FALSE
3640,FALSE
3641,TRUE
3642,TRUE
3643,FALSE
3644,TRUE
3645,TRUE
3646,TRUE
3647,FALSE
3648,FALSE
3649,FALSE
3650,TRUE
3651,TRUE
3652,TRUE
3653,TRUE
3654,TRUE
3655,FALSE
3656,TRUE
3657,TRUE
3658,FALSE
3659,TRUE
3660,TRUE
3661,TRUE
3662,FALSE
3663,TRUE
3664,TRUE
3665,TRUE
3666,TRUE
3667,TRUE
3668,TRUE
3669,TRUE
3670,FALSE
3671,TRUE
3672,TRUE
3673,TRUE
3674,FALSE
3675,TRUE
3676,TRUE
3677,TRUE
3678,FALSE
3679,FALSE
3680,TRUE
3681,TRUE
3682,TRUE
3683,FALSE
3684,FALSE
3685,TRUE
3686,FALSE
3687,TRUE
3688,FALSE
3689,FALSE
3690,FALSE
3691,TRUE
3692,FALSE
3693,TRUE
3694,FALSE
3695,TRUE
3696,FALSE
3697,TRUE
3698,FALSE
3699,FALSE
3700,TRUE
3701,FALSE
3702,FALSE
3703,FALSE
3704,FALSE
3705,FALSE
3706,FALSE
3707,TRUE
3708,FALSE
3709,FALSE
3710,FALSE
3711,TRUE
3712,TRUE
3713,TRUE
3714,TRUE
3715,FALSE
3716,TRUE
3717,TRUE
3718,TRUE
3719,TRUE
3720,TRUE
3721,FALSE
3722,FALSE
3723,TRUE
3724,TRUE
3725,FALSE
3726,TRUE
3727,FALSE
3728,FALSE
3729,FALSE
3730,FALSE
3731,TRUE
3732,FALSE
3733,FALSE
3734,FALSE
3735,FALSE
3736,TRUE
3737,FALSE
3738,FALSE
3739,FALSE
3740,TRUE
3741,TRUE
3742,FALSE
3743,TRUE
3744,TRUE
3745,FALSE
3746,TRUE
3747,FALSE
3748,TRUE
3749,TRUE
3750,TRUE
3751,FALSE
3752,FALSE
3753,TRUE
3754,TRUE
3755,FALSE
3756,TRUE
3757,FALSE
3758,TRUE
3759,TRUE
3760,TRUE
3761,FALSE
3762,FALSE
3763,FALSE
3764,FALSE
3765,TRUE
3766,TRUE
3767,FALSE
3768,FALSE
3769,TRUE
3770,TRUE
3771,TRUE
3772,TRUE
3773,TRUE
3774,FALSE
3775,TRUE
3776,FALSE
3777,FALSE
3778,TRUE
3779,FALSE
3780,TRUE
3781,TRUE
3782,TRUE
3783,TRUE
3784,TRUE
3785,FALSE
3786,FALSE
3787,FALSE
3788,TRUE
3789,FALSE
3790,FALSE
3791,FALSE
3792,TRUE
3793,TRUE
3794,FALSE
3795,TRUE
3796,FALSE
3797,TRUE
3798,TRUE
3799,FALSE
3800,TRUE
3801,TRUE
3802,FALSE
3803,FALSE
3804,TRUE
3805,TRUE
3806,FALSE
3807,TRUE
3808,TRUE
3809,FALSE
3810,FALSE
3811,TRUE
3812,FALSE
3813,TRUE
3814,TRUE
3815,TRUE
3816,TRUE
3817,TRUE
3818,FALSE
3819,FALSE
3820,FALSE
3821,FALSE
3822,TRUE
3823,TRUE
3824,TRUE
3825,FALSE
3826,TRUE
3827,FALSE
3828,TRUE
3829,FALSE
3830,FALSE
3831,TRUE
3832,TRUE
3833,TRUE
3834,FALSE
3835,FALSE
3836,FALSE
3837,FALSE
3838,FALSE
3839,FALSE
3840,FALSE
3841,FALSE
3842,TRUE
3843,FALSE
3844,FALSE
3845,FALSE
3846,TRUE
3847,TRUE
3848,TRUE
3849,TRUE
3850,FALSE
3851,TRUE
3852,TRUE
3853,TRUE
3854,TRUE
3855,TRUE
3856,TRUE
3857,FALSE
3858,TRUE
3859,FALSE
3860,TRUE
3861,FALSE
3862,FALSE
3863,TRUE
3864,FALSE
3865,TRUE
3866,FALSE
3867,TRUE
3868,TRUE
3869,TRUE
3870,FALSE
3871,TRUE
3872,FALSE
3873,TRUE
3874,TRUE
3875,TRUE
3876,TRUE
3877,FALSE
3878,FALSE
3879,TRUE
3880,FALSE
3881,TRUE
3882,FALSE
3883,FALSE
3884,FALSE
3885,TRUE
3886,FALSE
3887,FALSE
3888,FALSE
3889,TRUE
3890,TRUE
3891,TRUE
3892,FALSE
3893,TRUE
3894,TRUE
3895,FALSE
3896,FALSE
3897,FALSE
3898,TRUE
3899,TRUE
3900,TRUE
3901,FALSE
3902,FALSE
3903,FALSE
3904,FALSE
3905,FALSE
3906,FALSE
3907,TRUE
3908,TRUE
3909,TRUE
3910,FALSE
3911,TRUE
3912,TRUE
3913,FALSE
3914,TRUE
3915,TRUE
3916,FALSE
3917,TRUE
3918,FALSE
3919,TRUE
3920,FALSE
3921,TRUE
3922,FALSE
3923,FALSE
3924,FALSE
3925,TRUE
3926,FALSE
3927,TRUE
3928,FALSE
3929,FALSE
3930,TRUE
3931,FALSE
3932,FALSE
3933,TRUE
3934,TRUE
3935,FALSE
3936,TRUE
3937,TRUE
3938,FALSE
3939,TRUE
3940,TRUE
3941,FALSE
3942,FALSE
3943,FALSE
3944,TRUE
3945,FALSE
3946,TRUE
3947,FALSE
3948,TRUE
3949,FALSE
3950,TRUE
3951,TRUE
3952,TRUE
3953,FALSE
3954,TRUE
3955,TRUE
3956,TRUE
3957,TRUE
3958,FALSE
3959,FALSE
3960,TRUE
3961,TRUE
3962,TRUE
3963,TRUE
3964,FALSE
3965,FALSE
3966,FALSE
3967,FALSE
3968,TRUE
3969,TRUE
3970,FALSE
3971,TRUE
3972,TRUE
3973,FALSE
3974,TRUE
3975,FALSE
3976,FALSE
3977,FALSE
3978,FALSE
3979,FALSE
3980,FALSE
3981,FALSE
3982,TRUE
3983,FALSE
3984,TRUE
3985,TRUE
3986,FALSE
3987,TRUE
3988,FALSE
3989,FALSE
3990,FALSE
3991,TRUE
3992,FALSE
3993,FALSE
3994,TRUE
3995,TRUE
3996,FALSE
3997,TRUE
3998,FALSE
3999,TRUE
4000,FALSE
4001,TRUE
4002,TRUE
4003,FALSE
4004,FALSE
4005,FALSE
4006,TRUE
4007,TRUE
4008,TRUE
4009,FALSE
4010,FALSE
4011,FALSE
4012,TRUE
4013,FALSE
4014,FALSE
4015,FALSE
4016,TRUE
4017,TRUE
4018,FALSE
4019,FALSE
4020,FALSE
4021,FALSE
4022,FALSE
4023,FALSE
4024,FALSE
4025,TRUE
4026,TRUE
4027,FALSE
4028,TRUE
4029,TRUE
4030,TRUE
4031,FALSE
4032,TRUE
4033,FALSE
4034,FALSE
4035,TRUE
4036,FALSE
4037,TRUE
4038,FALSE
4039,TRUE
4040,TRUE
4041,FALSE
4042,TRUE
4043,TRUE
4044,TRUE
4045,TRUE
4046,FALSE
4047,FALSE
4048,FALSE
4049,TRUE
4050,FALSE
4051,TRUE
4052,TRUE
4053,TRUE
4054,TRUE
4055,FALSE
4056,TRUE
4057,FALSE
4058,TRUE
4059,FALSE
4060,TRUE
4061,FALSE
4062,TRUE
4063,FALSE
4064,FALSE
4065,FALSE
4066,TRUE
4067,FALSE
4068,FALSE
4069,TRUE
4070,TRUE
4071,TRUE
4072,FALSE
4073,FALSE
4074,TRUE
4075,TRUE
4076,TRUE
4077,TRUE
4078,TRUE
4079,FALSE
4080,TRUE
4081,TRUE
4082,TRUE
4083,FALSE
4084,TRUE
4085,FALSE
4086,TRUE
4087,FALSE
4088,TRUE
4089,FALSE
4090,TRUE
4091,FALSE
4092,TRUE
4093,TRUE
4094,TRUE
4095,FALSE
4096,FALSE
4097,TRUE
4098,FALSE
4099,TRUE
4100,TRUE
4101,FALSE
4102,FALSE
4103,FALSE
4104,TRUE
4105,FALSE
4106,TRUE
4107,TRUE
4108,TRUE
4109,TRUE
4110,TRUE
4111,FALSE
4112,FALSE
4113,FALSE
4114,TRUE
4115,TRUE
4116,TRUE
4117,FALSE
4118,FALSE
4119,TRUE
4120,TRUE
4121,FALSE
4122,TRUE
4123,FALSE
4124,TRUE
4125,FALSE
4126,FALSE
4127,FALSE
4128,FALSE
4129,FALSE
4130,TRUE
4131,TRUE
4132,FALSE
4133,FALSE
4134,FALSE
4135,FALSE
4136,FALSE
4137,TRUE
4138,TRUE
4139,FALSE
4140,FALSE
4141,FALSE
4142,TRUE
4143,FALSE
4144,FALSE
4145,FALSE
4146,TRUE
4147,FALSE
4148,FALSE
4149,FALSE
4150,FALSE
4151,FALSE
4152,TRUE
4153,TRUE
4154,FALSE
4155,FALSE
4156,TRUE
4157,FALSE
4158,TRUE
4159,TRUE
4160,TRUE
4161,TRUE
4162,FALSE
4163,TRUE
4164,TRUE
4165,FALSE
4166,FALSE
4167,FALSE
4168,FALSE
4169,FALSE
4170,FALSE
4171,TRUE
4172,TRUE
4173,TRUE
4174,FALSE
4175,TRUE
4176,TRUE
4177,FALSE
4178,FALSE
4179,FALSE
4180,TRUE
4181,TRUE
4182,TRUE
4183,FALSE
4184,TRUE
4185,FALSE
4186,TRUE
4187,FALSE
4188,FALSE
4189,TRUE
4190,FALSE
4191,TRUE
4192,FALSE
4193,TRUE
4194,FALSE
4195,TRUE
4196,FALSE
4197,TRUE
4198,FALSE
4199,TRUE
4200,TRUE
4201,FALSE
4202,TRUE
4203,FALSE
4204,TRUE
4205,TRUE
4206,FALSE
4207,FALSE
4208,FALSE
4209,FALSE
4210,FALSE
4211,TRUE
4212,FALSE
4213,TRUE
4214,TRUE
4215,TRUE
4216,FALSE
4217,FALSE
4218,TRUE
4219,FALSE
4220,TRUE
4221,FALSE
4222,FALSE
4223,FALSE
4224,FALSE
4225,TRUE
4226,TRUE
4227,FALSE
4228,FALSE
4229,FALSE
4230,FALSE
4231,TRUE
4232,FALSE
4233,TRUE
4234,TRUE
4235,TRUE
4236,TRUE
4237,TRUE
4238,TRUE
4239,FALSE
4240,TRUE
4241,FALSE
4242,FALSE
4243,TRUE
4244,FALSE
4245,TRUE
4246,TRUE
4247,TRUE
4248,TRUE
4249,TRUE
4250,TRUE
4251,TRUE
4252,FALSE
4253,FALSE
4254,TRUE
4255,FALSE
4256,FALSE
4257,TRUE
4258,FALSE
4259,FALSE
4260,TRUE
4261,TRUE
4262,TRUE
4263,FALSE
4264,TRUE
4265,TRUE
4266,FALSE
4267,FALSE
4268,TRUE
4269,TRUE
4270,FALSE
4271,FALSE
4272,TRUE
4273,TRUE
4274,TRUE
4275,FALSE
4276,TRUE
4277,FALSE
4278,TRUE
4279,FALSE
4280,FALSE
4281,FALSE
4282,TRUE
4283,TRUE
4284,TRUE
4285,TRUE
4286,TRUE
4287,FALSE
4288,TRUE
4289,TRUE
4290,TRUE
4291,FALSE
4292,TRUE
4293,TRUE
4294,TRUE
4295,FALSE
4296,FALSE
4297,FALSE
4298,TRUE
4299,FALSE
4300,TRUE
4301,TRUE
4302,TRUE
4303,FALSE
4304,TRUE
4305,TRUE
4306,FALSE
4307,TRUE
4308,TRUE
4309,FALSE
4310,TRUE
4311,FALSE
4312,TRUE
4313,FALSE
4314,FALSE
4315,TRUE
4316,FALSE
4317,TRUE
4318,TRUE
4319,FALSE
4320,TRUE
4321,TRUE
4322,FALSE
4323,FALSE
4324,TRUE
4325,TRUE
4326,TRUE
4327,FALSE
4328,FALSE
4329,TRUE
4330,FALSE
4331,TRUE
4332,FALSE
4333,FALSE
4334,FALSE
4335,TRUE
4336,TRUE
4337,TRUE
4338,TRUE
4339,FALSE
4340,FALSE
4341,FALSE
4342,TRUE
4343,FALSE
4344,FALSE
4345,TRUE
4346,TRUE
4347,TRUE
4348,FALSE
4349,TRUE
4350,FALSE
4351,TRUE
4352,TRUE
4353,FALSE
4354,TRUE
4355,TRUE
4356,FALSE
4357,FALSE
4358,TRUE
4359,TRUE
4360,FALSE
4361,TRUE
4362,TRUE
4363,FALSE
4364,TRUE
4365,TRUE
4366,FALSE
4367,TRUE
4368,FALSE
4369,FALSE
4370,FALSE
4371,TRUE
4372,FALSE
4373,FALSE
4374,TRUE
4375,TRUE
4376,FALSE
4377,FALSE
4378,FALSE
4379,TRUE
4380,FALSE
4381,FALSE
4382,TRUE
4383,FALSE
4384,TRUE
4385,TRUE
4386,FALSE
4387,FALSE
4388,TRUE
4389,TRUE
4390,FALSE
4391,FALSE
4392,FALSE
4393,TRUE
4394,FALSE
4395,TRUE
4396,FALSE
4397,TRUE
4398,TRUE
4399,TRUE
4400,FALSE
4401,TRUE
4402,FALSE
4403,FALSE
4404,FALSE
4405,TRUE
4406,TRUE
4407,FALSE
4408,TRUE
4409,FALSE
4410,TRUE
4411,TRUE
4412,TRUE
4413,FALSE
4414,FALSE
4415,TRUE
4416,TRUE
4417,TRUE
4418,FALSE
4419,TRUE
4420,TRUE
4421,FALSE
4422,FALSE
4423,TRUE
4424,TRUE
4425,TRUE
4426,TRUE
4427,FALSE
4428,TRUE
4429,FALSE
4430,TRUE
4431,TRUE
4432,FALSE
4433,TRUE
4434,TRUE
4435,TRUE
4436,FALSE
4437,TRUE
4438,TRUE
4439,TRUE
4440,FALSE
4441,FALSE
4442,TRUE
4443,FALSE
4444,FALSE
4445,TRUE
4446,TRUE
4447,FALSE
4448,TRUE
4449,FALSE
4450,TRUE
4451,FALSE
4452,FALSE
4453,TRUE
4454,TRUE
4455,TRUE
4456,TRUE
4457,FALSE
4458,FALSE
4459,FALSE
4460,TRUE
4461,FALSE
4462,TRUE
4463,FALSE
4464,FALSE
4465,FALSE
4466,TRUE
4467,TRUE
4468,TRUE
4469,TRUE
4470,TRUE
4471,FALSE
4472,TRUE
4473,TRUE
4474,TRUE
4475,TRUE
4476,FALSE
4477,TRUE
4478,FALSE
4479,FALSE
4480,FALSE
4481,TRUE
4482,FALSE
4483,FALSE
4484,TRUE
4485,FALSE
4486,TRUE
4487,TRUE
4488,TRUE
4489,TRUE
4490,FALSE
4491,FALSE
4492,TRUE
4493,FALSE
4494,FALSE
4495,TRUE
4496,FALSE
4497,TRUE
4498,TRUE
4499,FALSE
4500,FALSE
4501,TRUE
4502,FALSE
4503,TRUE
4504,TRUE
4505,FALSE
4506,TRUE
4507,FALSE
4508,TRUE
4509,FALSE
4510,FALSE
4511,TRUE
4512,FALSE
4513,FALSE
4514,FALSE
4515,TRUE
4516,TRUE
4517,TRUE
4518,FALSE
4519,TRUE
4520,FALSE
4521,TRUE
4522,FALSE
4523,FALSE
4524,TRUE
4525,TRUE
4526,FALSE
4527,FALSE
4528,TRUE
4529,FALSE
4530,FALSE
4531,TRUE
4532,TRUE
4533,TRUE
4534,FALSE
4535,TRUE
4536,TRUE
4537,FALSE
4538,TRUE
4539,TRUE
4540,FALSE
4541,FALSE
4542,TRUE
4543,TRUE
4544,FALSE
4545,TRUE
4546,FALSE
4547,FALSE
4548,TRUE
4549,FALSE
4550,FALSE
4551,TRUE
4552,TRUE
4553,TRUE
4554,TRUE
4555,TRUE
4556,FALSE
4557,TRUE
4558,FALSE
4559,TRUE
4560,TRUE
4561,TRUE
4562,FALSE
4563,FALSE
4564,TRUE
4565,TRUE
4566,TRUE
4567,FALSE
4568,FALSE
4569,TRUE
4570,TRUE
4571,FALSE
4572,TRUE
4573,FALSE
4574,TRUE
4575,FALSE
4576,TRUE
4577,TRUE
4578,TRUE
4579,TRUE
4580,TRUE
4581,FALSE
4582,TRUE
4583,FALSE
4584,TRUE
4585,TRUE
4586,FALSE
4587,TRUE
4588,FALSE
4589,TRUE
4590,TRUE
4591,FALSE
4592,FALSE
4593,TRUE
4594,FALSE
4595,TRUE
4596,FALSE
4597,TRUE
4598,TRUE
4599,TRUE
4600,TRUE
4601,TRUE
4602,FALSE
4603,FALSE
4604,FALSE
4605,FALSE
4606,FALSE
4607,FALSE
4608,FALSE
4609,TRUE
4610,TRUE
4611,FALSE
4612,FALSE
4613,TRUE
4614,TRUE
4615,FALSE
4616,FALSE
4617,TRUE
4618,TRUE
4619,FALSE
4620,TRUE
4621,TRUE
4622,FALSE
4623,FALSE
4624,TRUE
4625,TRUE
4626,FALSE
4627,FALSE
4628,TRUE
4629,TRUE
4630,TRUE
4631,TRUE
4632,TRUE
4633,FALSE
4634,FALSE
4635,TRUE
4636,FALSE
4637,TRUE
4638,TRUE
4639,FALSE
4640,FALSE
4641,TRUE
4642,TRUE
4643,FALSE
4644,TRUE
4645,TRUE
4646,FALSE
4647,FALSE
4648,TRUE
4649,FALSE
4650,TRUE
4651,TRUE
4652,FALSE
4653,TRUE
4654,TRUE
4655,FALSE
4656,FALSE
4657,TRUE
4658,TRUE
4659,TRUE
4660,FALSE
4661,FALSE
4662,TRUE
4663,TRUE
4664,TRUE
4665,FALSE
4666,TRUE
4667,FALSE
4668,TRUE
4669,TRUE
4670,FALSE
4671,TRUE
4672,TRUE
4673,FALSE
4674,FALSE
4675,TRUE
4676,FALSE
4677,TRUE
4678,FALSE
4679,FALSE
4680,FALSE
4681,TRUE
4682,FALSE
4683,TRUE
4684,TRUE
4685,TRUE
4686,TRUE
4687,TRUE
4688,TRUE
4689,FALSE
4690,TRUE
4691,TRUE
4692,FALSE
4693,TRUE
4694,TRUE
4695,FALSE
4696,FALSE
4697,FALSE
4698,TRUE
4699,FALSE
4700,FALSE
4701,FALSE
4702,TRUE
4703,FALSE
4704,TRUE
4705,FALSE
4706,FALSE
4707,TRUE
4708,FALSE
4709,TRUE
4710,FALSE
4711,TRUE
4712,TRUE
4713,FALSE
4714,TRUE
4715,TRUE
4716,FALSE
4717,FALSE
4718,TRUE
4719,FALSE
4720,FALSE
4721,TRUE
4722,TRUE
4723,TRUE
4724,TRUE
4725,TRUE
4726,TRUE
4727,FALSE
4728,TRUE
4729,FALSE
4730,FALSE
4731,TRUE
4732,TRUE
4733,TRUE
4734,TRUE
4735,FALSE
4736,FALSE
4737,TRUE
4738,TRUE
4739,FALSE
4740,FALSE
4741,TRUE
4742,TRUE
4743,FALSE
4744,TRUE
4745,TRUE
4746,FALSE
4747,FALSE
4748,FALSE
4749,FALSE
4750,FALSE
4751,FALSE
4752,TRUE
4753,TRUE
4754,TRUE
4755,TRUE
4756,FALSE
4757,TRUE
4758,TRUE
4759,TRUE
4760,TRUE
4761,FALSE
4762,TRUE
4763,FALSE
4764,TRUE
4765,FALSE
4766,TRUE
4767,TRUE
4768,TRUE
4769,FALSE
4770,TRUE
4771,FALSE
4772,TRUE
4773,FALSE
4774,TRUE
4775,TRUE
4776,FALSE
4777,FALSE
4778,FALSE
4779,TRUE
4780,FALSE
4781,FALSE
4782,FALSE
4783,FALSE
4784,FALSE
4785,TRUE
4786,TRUE
4787,TRUE
4788,TRUE
4789,FALSE
4790,FALSE
4791,FALSE
4792,FALSE
4793,TRUE
4794,TRUE
4795,FALSE
4796,FALSE
4797,FALSE
4798,TRUE
4799,TRUE
4800,TRUE
4801,FALSE
4802,FALSE
4803,FALSE
4804,TRUE
4805,FALSE
4806,FALSE
4807,TRUE
4808,TRUE
4809,FALSE
4810,FALSE
4811,FALSE
4812,FALSE
4813,TRUE
4814,TRUE
4815,FALSE
4816,TRUE
4817,TRUE
4818,TRUE
4819,FALSE
4820,TRUE
4821,FALSE
4822,FALSE
4823,TRUE
4824,FALSE
4825,FALSE
4826,TRUE
4827,TRUE
4828,TRUE
4829,FALSE
4830,TRUE
4831,TRUE
4832,TRUE
4833,TRUE
4834,FALSE
4835,FALSE
4836,TRUE
4837,TRUE
4838,TRUE
4839,TRUE
4840,TRUE
4841,FALSE
4842,FALSE
4843,FALSE
4844,FALSE
4845,FALSE
4846,FALSE
4847,FALSE
4848,TRUE
4849,FALSE
4850,FALSE
4851,TRUE
4852,FALSE
4853,TRUE
4854,FALSE
4855,FALSE
4856,TRUE
4857,TRUE
4858,FALSE
4859,FALSE
4860,TRUE
4861,TRUE
4862,FALSE
4863,TRUE
4864,FALSE
4865,TRUE
4866,FALSE
4867,FALSE
4868,TRUE
4869,FALSE
4870,TRUE
4871,FALSE
4872,FALSE
4873,FALSE
4874,TRUE
4875,FALSE
4876,FALSE
4877,TRUE
4878,TRUE
4879,FALSE
4880,TRUE
4881,FALSE
4882,TRUE
4883,FALSE
4884,FALSE
4885,FALSE
4886,TRUE
4887,FALSE
4888,FALSE
4889,TRUE
4890,TRUE
4891,TRUE
4892,FALSE
4893,TRUE
4894,TRUE
4895,TRUE
4896,FALSE
4897,TRUE
4898,TRUE
4899,TRUE
4900,FALSE
4901,TRUE
4902,FALSE
4903,TRUE
4904,TRUE
4905,TRUE
4906,TRUE
4907,TRUE
4908,FALSE
4909,TRUE
4910,FALSE
4911,TRUE
4912,TRUE
4913,TRUE
4914,TRUE
4915,TRUE
4916,TRUE
4917,TRUE
4918,TRUE
4919,FALSE
4920,TRUE
4921,TRUE
4922,TRUE
4923,FALSE
4924,TRUE
4925,TRUE
4926,FALSE
4927,FALSE
4928,FALSE
4929,TRUE
4930,FALSE
4931,FALSE
4932,TRUE
4933,FALSE
4934,FALSE
4935,FALSE
4936,FALSE
4937,TRUE
4938,FALSE
4939,TRUE
4940,FALSE
4941,FALSE
4942,TRUE
4943,TRUE
4944,TRUE
4945,FALSE
4946,FALSE
4947,FALSE
4948,TRUE
4949,FALSE
4950,FALSE
4951,TRUE
4952,TRUE
4953,TRUE
4954,TRUE
4955,TRUE
4956,TRUE
4957,FALSE
4958,FALSE
4959,FALSE
4960,FALSE
4961,TRUE
4962,TRUE
4963,TRUE
4964,TRUE
4965,FALSE
4966,FALSE
4967,FALSE
4968,FALSE
4969,TRUE
4970,FALSE
4971,TRUE
4972,TRUE
4973,TRUE
4974,FALSE
4975,TRUE
4976,TRUE
4977,TRUE
4978,TRUE
4979,FALSE
4980,FALSE
4981,TRUE
4982,FALSE
4983,TRUE
4984,TRUE
4985,TRUE
4986,TRUE
4987,TRUE
4988,TRUE
4989,FALSE
4990,TRUE
4991,TRUE
4992,TRUE
4993,FALSE
4994,FALSE
4995,FALSE
4996,TRUE
4997,TRUE
4998,TRUE
4999,TRUE
5000,TRUE
5001,TRUE
5002,FALSE
5003,TRUE
5004,TRUE
5005,TRUE
5006,TRUE
5007,TRUE
5008,TRUE
5009,TRUE
5010,FALSE
5011,TRUE
5012,TRUE
5013,TRUE
5014,TRUE
5015,TRUE
5016,TRUE
5017,FALSE
5018,TRUE
5019,TRUE
5020,FALSE
5021,FALSE
5022,FALSE
5023,FALSE
5024,TRUE
5025,FALSE
5026,TRUE
5027,FALSE
5028,FALSE
5029,FALSE
5030,TRUE
5031,FALSE
5032,TRUE
5033,TRUE
5034,TRUE
5035,FALSE
5036,FALSE
5037,FALSE
5038,TRUE
5039,TRUE
5040,FALSE
5041,FALSE
5042,FALSE
5043,FALSE
5044,FALSE
5045,TRUE
5046,FALSE
5047,FALSE
5048,FALSE
5049,FALSE
5050,TRUE
5051,FALSE
5052,TRUE
5053,TRUE
5054,TRUE
5055,FALSE
5056,TRUE
5057,FALSE
5058,FALSE
5059,TRUE
5060,TRUE
5061,FALSE
5062,FALSE
5063,FALSE
5064,TRUE
5065,TRUE
5066,FALSE
5067,FALSE
5068,FALSE
5069,TRUE
5070,FALSE
5071,TRUE
5072,FALSE
5073,FALSE
5074,FALSE
5075,TRUE
5076,TRUE
5077,FALSE
5078,TRUE
5079,TRUE
5080,FALSE
5081,TRUE
5082,FALSE
5083,TRUE
5084,FALSE
5085,FALSE
5086,FALSE
5087,FALSE
5088,FALSE
5089,TRUE
5090,FALSE
5091,FALSE
5092,FALSE
5093,TRUE
5094,TRUE
5095,FALSE
5096,TRUE
5097,FALSE
5098,FALSE
5099,FALSE
5100,FALSE
5101,FALSE
5102,TRUE
5103,FALSE
5104,TRUE
5105,TRUE
5106,TRUE
5107,FALSE
5108,FALSE
5109,FALSE
5110,FALSE
5111,FALSE
5112,TRUE
5113,TRUE
5114,TRUE
5115,TRUE
5116,TRUE
5117,TRUE
5118,TRUE
5119,TRUE
5120,FALSE
5121,FALSE
5122,FALSE
5123,TRUE
5124,TRUE
5125,TRUE
5126,TRUE
5127,TRUE
5128,TRUE
5129,FALSE
5130,TRUE
5131,FALSE
5132,TRUE
5133,FALSE
5134,TRUE
5135,FALSE
5136,FALSE
5137,FALSE
5138,TRUE
5139,FALSE
5140,FALSE
5141,FALSE
5142,FALSE
5143,TRUE
5144,TRUE
5145,TRUE
5146,FALSE
5147,FALSE
5148,FALSE
5149,FALSE
5150,FALSE
5151,FALSE
5152,FALSE
5153,FALSE
5154,FALSE
5155,FALSE
5156,FALSE
5157,FALSE
5158,TRUE
5159,TRUE
5160,FALSE
5161,FALSE
5162,TRUE
5163,FALSE
5164,FALSE
5165,FALSE
5166,TRUE
5167,TRUE
5168,FALSE
5169,FALSE
5170,TRUE
5171,FALSE
5172,FALSE
5173,TRUE
5174,FALSE
5175,TRUE
5176,FALSE
5177,TRUE
5178,TRUE
5179,TRUE
5180,FALSE
5181,TRUE
5182,FALSE
5183,FALSE
5184,TRUE
5185,TRUE
5186,FALSE
5187,TRUE
5188,FALSE
5189,TRUE
5190,TRUE
5191,TRUE
5192,FALSE
5193,FALSE
5194,FALSE
5195,FALSE
5196,FALSE
5197,FALSE
5198,FALSE
5199,FALSE
5200,TRUE
5201,TRUE
5202,FALSE
5203,TRUE
5204,TRUE
5205,TRUE
5206,FALSE
5207,FALSE
5208,TRUE
5209,TRUE
5210,FALSE
5211,TRUE
5212,TRUE
5213,FALSE
5214,TRUE
5215,TRUE
5216,TRUE
5217,FALSE
5218,TRUE
5219,FALSE
5220,TRUE
5221,TRUE
5222,FALSE
5223,TRUE
5224,FALSE
5225,FALSE
5226,TRUE
5227,FALSE
5228,TRUE
5229,TRUE
5230,TRUE
5231,TRUE
5232,FALSE
5233,TRUE
5234,TRUE
5235,FALSE
5236,FALSE
5237,FALSE
5238,FALSE
5239,FALSE
5240,FALSE
5241,TRUE
5242,FALSE
5243,TRUE
5244,TRUE
5245,TRUE
5246,FALSE
5247,FALSE
5248,FALSE
5249,FALSE
5250,TRUE
5251,TRUE
5252,FALSE
5253,TRUE
5254,FALSE
5255,TRUE
5256,TRUE
5257,TRUE
5258,TRUE
5259,FALSE
5260,FALSE
5261,FALSE
5262,FALSE
5263,FALSE
5264,TRUE
5265,FALSE
5266,FALSE
5267,FALSE
5268,TRUE
5269,FALSE
5270,FALSE
5271,FALSE
5272,TRUE
5273,FALSE
5274,TRUE
5275,FALSE
5276,TRUE
5277,FALSE
5278,FALSE
5279,FALSE
5280,TRUE
5281,TRUE
5282,FALSE
5283,FALSE
5284,FALSE
5285,TRUE
5286,TRUE
5287,FALSE
5288,FALSE
5289,TRUE
5290,TRUE
5291,TRUE
5292,TRUE
5293,TRUE
5294,TRUE
5295,TRUE
5296,FALSE
5297,FALSE
5298,FALSE
5299,TRUE
5300,FALSE
5301,TRUE
5302,FALSE
5303,TRUE
5304,TRUE
5305,TRUE
5306,FALSE
5307,FALSE
5308,FALSE
5309,TRUE
5310,FALSE
5311,TRUE
5312,FALSE
5313,FALSE
5314,FALSE
5315,TRUE
5316,FALSE
5317,FALSE
5318,FALSE
5319,FALSE
5320,TRUE
5321,TRUE
5322,FALSE
5323,FALSE
5324,TRUE
5325,TRUE
5326,TRUE
5327,TRUE
5328,FALSE
5329,FALSE
5330,FALSE
5331,FALSE
5332,TRUE
5333,FALSE
5334,FALSE
5335,FALSE
5336,FALSE
5337,FALSE
5338,TRUE
5339,FALSE
5340,TRUE
5341,FALSE
5342,TRUE
5343,TRUE
5344,TRUE
5345,TRUE
5346,TRUE
5347,FALSE
5348,FALSE
5349,FALSE
5350,TRUE
5351,FALSE
5352,TRUE
5353,FALSE
5354,TRUE
5355,TRUE
5356,TRUE
5357,TRUE
5358,TRUE
5359,TRUE
5360,TRUE
5361,FALSE
5362,TRUE
5363,TRUE
5364,FALSE
5365,FALSE
5366,TRUE
5367,TRUE
5368,FALSE
5369,TRUE
5370,FALSE
5371,TRUE
5372,TRUE
5373,TRUE
5374,TRUE
5375,FALSE
5376,TRUE
5377,FALSE
5378,FALSE
5379,FALSE
5380,FALSE
5381,FALSE
5382,TRUE
5383,FALSE
5384,FALSE
5385,FALSE
5386,TRUE
5387,FALSE
5388,TRUE
5389,FALSE
5390,FALSE
5391,FALSE
5392,FALSE
5393,TRUE
5394,TRUE
5395,FALSE
5396,TRUE
5397,FALSE
5398,TRUE
5399,FALSE
5400,TRUE
5401,TRUE
5402,TRUE
5403,FALSE
5404,TRUE
5405,FALSE
5406,TRUE
5407,TRUE
5408,FALSE
5409,FALSE
5410,FALSE
5411,TRUE
5412,FALSE
5413,FALSE
5414,TRUE
5415,TRUE
5416,FALSE
5417,TRUE
5418,TRUE
5419,TRUE
5420,FALSE
5421,FALSE
5422,TRUE
5423,TRUE
5424,FALSE
5425,FALSE
5426,TRUE
5427,TRUE
5428,FALSE
5429,TRUE
5430,FALSE
5431,FALSE
5432,TRUE
5433,TRUE
5434,TRUE
5435,FALSE
5436,TRUE
5437,FALSE
5438,TRUE
5439,TRUE
5440,FALSE
5441,FALSE
5442,FALSE
5443,TRUE
5444,FALSE
5445,TRUE
5446,TRUE
5447,TRUE
5448,TRUE
5449,FALSE
5450,FALSE
5451,TRUE
5452,FALSE
5453,TRUE
5454,FALSE
5455,TRUE
5456,TRUE
5457,FALSE
5458,TRUE
5459,TRUE
5460,TRUE
5461,FALSE
5462,TRUE
5463,FALSE
5464,FALSE
5465,TRUE
5466,FALSE
5467,TRUE
5468,TRUE
5469,TRUE
5470,FALSE
5471,FALSE
5472,TRUE
5473,TRUE
5474,TRUE
5475,TRUE
5476,FALSE
5477,TRUE
5478,TRUE
5479,TRUE
5480,TRUE
5481,FALSE
5482,TRUE
5483,FALSE
5484,TRUE
5485,TRUE
5486,TRUE
5487,FALSE
5488,FALSE
5489,FALSE
5490,FALSE
5491,TRUE
5492,TRUE
5493,TRUE
5494,TRUE
5495,TRUE
5496,TRUE
5497,TRUE
5498,TRUE
5499,FALSE
5500,TRUE
5501,TRUE
5502,TRUE
5503,TRUE
5504,TRUE
5505,FALSE
5506,FALSE
5507,TRUE
5508,FALSE
5509,TRUE
5510,TRUE
5511,TRUE
5512,TRUE
5513,TRUE
5514,TRUE
5515,TRUE
5516,FALSE
5517,FALSE
5518,FALSE
5519,FALSE
5520,FALSE
5521,FALSE
5522,TRUE
5523,FALSE
5524,TRUE
5525,TRUE
5526,TRUE
5527,FALSE
5528,FALSE
5529,TRUE
5530,TRUE
5531,TRUE
5532,TRUE
5533,TRUE
5534,TRUE
5535,TRUE
5536,FALSE
5537,TRUE
5538,TRUE
5539,TRUE
5540,TRUE
5541,FALSE
5542,FALSE
5543,TRUE
5544,TRUE
5545,TRUE
5546,FALSE
5547,FALSE
5548,FALSE
5549,TRUE
5550,FALSE
5551,FALSE
5552,TRUE
5553,FALSE
5554,TRUE
5555,FALSE
5556,TRUE
5557,FALSE
5558,TRUE
5559,FALSE
5560,FALSE
5561,FALSE
5562,FALSE
5563,FALSE
5564,TRUE
5565,TRUE
5566,TRUE
5567,TRUE
5568,FALSE
5569,TRUE
5570,TRUE
5571,TRUE
5572,TRUE
5573,TRUE
5574,FALSE
5575,FALSE
5576,FALSE
5577,FALSE
5578,TRUE
5579,FALSE
5580,TRUE
5581,TRUE
5582,FALSE
5583,TRUE
5584,FALSE
5585,FALSE
5586,TRUE
5587,FALSE
5588,FALSE
5589,FALSE
5590,TRUE
5591,FALSE
5592,FALSE
5593,TRUE
5594,FALSE
5595,FALSE
5596,FALSE
5597,FALSE
5598,TRUE
5599,TRUE
5600,TRUE
5601,TRUE
5602,TRUE
5603,TRUE
5604,TRUE
5605,TRUE
5606,FALSE
5607,FALSE
5608,TRUE
5609,TRUE
5610,FALSE
5611,TRUE
5612,FALSE
5613,FALSE
5614,FALSE
5615,FALSE
5616,TRUE
5617,TRUE
5618,TRUE
5619,TRUE
5620,TRUE
5621,FALSE
5622,TRUE
5623,FALSE
5624,FALSE
5625,TRUE
5626,FALSE
5627,TRUE
5628,TRUE
5629,TRUE
5630,FALSE
5631,TRUE
5632,FALSE
5633,TRUE
5634,FALSE
5635,TRUE
5636,FALSE
5637,TRUE
5638,FALSE
5639,FALSE
5640,TRUE
5641,FALSE
5642,FALSE
5643,FALSE
5644,TRUE
5645,FALSE
5646,FALSE
5647,TRUE
5648,TRUE
5649,TRUE
5650,TRUE
5651,TRUE
5652,FALSE
5653,FALSE
5654,TRUE
5655,FALSE
5656,FALSE
5657,TRUE
5658,FALSE
5659,TRUE
5660,FALSE
5661,FALSE
5662,TRUE
5663,FALSE
5664,TRUE
5665,TRUE
5666,TRUE
5667,FALSE
5668,TRUE
5669,TRUE
5670,TRUE
5671,TRUE
5672,TRUE
5673,FALSE
5674,FALSE
5675,TRUE
5676,TRUE
5677,FALSE
5678,TRUE
5679,FALSE
5680,TRUE
5681,FALSE
5682,TRUE
5683,TRUE
5684,FALSE
5685,TRUE
5686,TRUE
5687,FALSE
5688,TRUE
5689,TRUE
5690,TRUE
5691,FALSE
5692,TRUE
5693,FALSE
5694,TRUE
5695,TRUE
5696,TRUE
5697,TRUE
5698,FALSE
5699,TRUE
5700,FALSE
5701,FALSE
5702,TRUE
5703,TRUE
5704,FALSE
5705,TRUE
5706,FALSE
5707,FALSE
5708,TRUE
5709,TRUE
5710,FALSE
5711,TRUE
5712,TRUE
5713,FALSE
5714,FALSE
5715,FALSE
5716,TRUE
5717,FALSE
5718,FALSE
5719,TRUE
5720,TRUE
5721,FALSE
5722,FALSE
5723,TRUE
5724,TRUE
5725,FALSE
5726,FALSE
5727,TRUE
5728,FALSE
5729,TRUE
5730,TRUE
5731,FALSE
5732,FALSE
5733,TRUE
5734,TRUE
5735,TRUE
5736,TRUE
5737,FALSE
5738,TRUE
5739,TRUE
5740,FALSE
5741,FALSE
5742,TRUE
5743,TRUE
5744,TRUE
5745,FALSE
5746,FALSE
5747,FALSE
5748,FALSE
5749,TRUE
5750,TRUE
5751,TRUE
5752,TRUE
5753,FALSE
5754,FALSE
5755,TRUE
5756,TRUE
5757,TRUE
5758,FALSE
5759,TRUE
5760,TRUE
5761,TRUE
5762,TRUE
5763,TRUE
5764,FALSE
5765,TRUE
5766,TRUE
5767,TRUE
5768,TRUE
5769,FALSE
5770,FALSE
5771,TRUE
5772,FALSE
5773,FALSE
5774,FALSE
5775,TRUE
5776,FALSE
5777,FALSE
5778,FALSE
5779,TRUE
5780,TRUE
5781,TRUE
5782,TRUE
5783,FALSE
5784,TRUE
5785,TRUE
5786,TRUE
5787,TRUE
5788,TRUE
5789,TRUE
5790,TRUE
5791,TRUE
5792,FALSE
5793,TRUE
5794,FALSE
5795,FALSE
5796,FALSE
5797,TRUE
5798,TRUE
5799,FALSE
5800,TRUE
5801,TRUE
5802,TRUE
5803,TRUE
5804,FALSE
5805,TRUE
5806,TRUE
5807,TRUE
5808,FALSE
5809,TRUE
5810,FALSE
5811,FALSE
5812,TRUE
5813,FALSE
5814,TRUE
5815,TRUE
5816,FALSE
5817,FALSE
5818,TRUE
5819,TRUE
5820,TRUE
5821,TRUE
5822,FALSE
5823,FALSE
5824,TRUE
5825,TRUE
5826,TRUE
5827,TRUE
5828,TRUE
5829,FALSE
5830,TRUE
5831,FALSE
5832,TRUE
5833,FALSE
5834,TRUE
5835,FALSE
5836,TRUE
5837,FALSE
5838,TRUE
5839,TRUE
5840,FALSE
5841,TRUE
5842,TRUE
5843,TRUE
5844,FALSE
5845,FALSE
5846,TRUE
5847,FALSE
5848,FALSE
5849,TRUE
5850,FALSE
5851,FALSE
5852,TRUE
5853,FALSE
5854,TRUE
5855,FALSE
5856,FALSE
5857,TRUE
5858,TRUE
5859,TRUE
5860,TRUE
5861,FALSE
5862,FALSE
5863,FALSE
5864,FALSE
5865,TRUE
5866,TRUE
5867,TRUE
5868,TRUE
5869,FALSE
5870,FALSE
5871,TRUE
5872,FALSE
5873,FALSE
5874,FALSE
5875,FALSE
5876,FALSE
5877,TRUE
5878,TRUE
5879,TRUE
5880,TRUE
5881,TRUE
5882,TRUE
5883,FALSE
5884,FALSE
5885,TRUE
5886,FALSE
5887,FALSE
5888,FALSE
5889,TRUE
5890,FALSE
5891,FALSE
5892,FALSE
5893,TRUE
5894,FALSE
5895,TRUE
5896,TRUE
5897,TRUE
5898,FALSE
5899,TRUE
5900,TRUE
5901,TRUE
5902,TRUE
5903,TRUE
5904,FALSE
5905,TRUE
5906,TRUE
5907,TRUE
5908,TRUE
5909,TRUE
5910,FALSE
5911,FALSE
5912,TRUE
5913,TRUE
5914,TRUE
5915,FALSE
5916,TRUE
5917,FALSE
5918,TRUE
5919,FALSE
5920,TRUE
5921,TRUE
5922,FALSE
5923,TRUE
5924,FALSE
5925,TRUE
5926,FALSE
5927,FALSE
5928,TRUE
5929,FALSE
5930,FALSE
5931,FALSE
5932,FALSE
5933,TRUE
5934,TRUE
5935,TRUE
5936,FALSE
5937,TRUE
5938,TRUE
5939,FALSE
5940,TRUE
5941,TRUE
5942,TRUE
5943,TRUE
5944,FALSE
5945,FALSE
5946,TRUE
5947,TRUE
5948,FALSE
5949,TRUE
5950,FALSE
5951,FALSE
5952,TRUE
5953,FALSE
5954,FALSE
5955,TRUE
5956,TRUE
5957,TRUE
5958,TRUE
5959,FALSE
5960,FALSE
5961,FALSE
5962,FALSE
5963,FALSE
5964,TRUE
5965,FALSE
5966,FALSE
5967,TRUE
5968,FALSE
5969,FALSE
5970,TRUE
5971,FALSE
5972,FALSE
5973,FALSE
5974,FALSE
5975,FALSE
5976,FALSE
5977,FALSE
5978,TRUE
5979,TRUE
5980,FALSE
5981,TRUE
5982,FALSE
5983,FALSE
5984,FALSE
5985,TRUE
5986,TRUE
5987,FALSE
5988,TRUE
5989,TRUE
5990,FALSE
5991,FALSE
5992,TRUE
5993,TRUE
5994,TRUE
5995,TRUE
5996,FALSE
5997,FALSE
5998,FALSE
5999,TRUE
6000,FALSE
6001,TRUE
6002,FALSE
6003,FALSE
6004,FALSE
6005,TRUE
6006,TRUE
6007,TRUE
6008,FALSE
6009,TRUE
6010,FALSE
6011,TRUE
6012,TRUE
6013,FALSE
6014,FALSE
6015,FALSE
6016,FALSE
6017,FALSE
6018,TRUE
6019,TRUE
6020,TRUE
6021,FALSE
6022,TRUE
6023,TRUE
6024,FALSE
6025,TRUE
6026,TRUE
6027,TRUE
6028,TRUE
6029,TRUE
6030,TRUE
6031,TRUE
6032,FALSE
6033,FALSE
6034,FALSE
6035,FALSE
6036,FALSE
6037,TRUE
6038,TRUE
6039,TRUE
6040,TRUE
6041,FALSE
6042,TRUE
6043,TRUE
6044,TRUE
6045,FALSE
6046,TRUE
6047,FALSE
6048,FALSE
6049,FALSE
6050,FALSE
6051,TRUE
6052,TRUE
6053,TRUE
6054,FALSE
6055,FALSE
6056,TRUE
6057,FALSE
6058,FALSE
6059,FALSE
6060,FALSE
6061,TRUE
6062,FALSE
6063,FALSE
6064,TRUE
6065,TRUE
6066,TRUE
6067,FALSE
6068,TRUE
6069,TRUE
6070,TRUE
6071,FALSE
6072,TRUE
6073,TRUE
6074,FALSE
6075,TRUE
6076,FALSE
6077,TRUE
6078,TRUE
6079,TRUE
6080,TRUE
6081,FALSE
6082,FALSE
6083,FALSE
6084,FALSE
6085,TRUE
6086,FALSE
6087,FALSE
6088,TRUE
6089,TRUE
6090,TRUE
6091,FALSE
6092,FALSE
6093,TRUE
6094,FALSE
6095,TRUE
6096,TRUE
6097,TRUE
6098,FALSE
6099,TRUE
6100,FALSE
6101,TRUE
6102,TRUE
6103,FALSE
6104,TRUE
6105,FALSE
6106,FALSE
6107,FALSE
6108,FALSE
6109,TRUE
6110,FALSE
6111,TRUE
6112,FALSE
6113,FALSE
6114,TRUE
6115,FALSE
6116,TRUE
6117,FALSE
6118,FALSE
6119,TRUE
6120,TRUE
6121,FALSE
6122,FALSE
6123,TRUE
6124,TRUE
6125,FALSE
6126,TRUE
6127,TRUE
6128,FALSE
6129,TRUE
6130,FALSE
6131,TRUE
6132,TRUE
6133,TRUE
6134,FALSE
6135,TRUE
6136,TRUE
6137,FALSE
6138,TRUE
6139,FALSE
6140,TRUE
6141,FALSE
6142,TRUE
6143,FALSE
6144,TRUE
6145,FALSE
6146,FALSE
6147,TRUE
6148,TRUE
6149,TRUE
6150,FALSE
6151,FALSE
6152,TRUE
6153,FALSE
6154,TRUE
6155,FALSE
6156,FALSE
6157,FALSE
6158,FALSE
6159,TRUE
6160,FALSE
6161,FALSE
6162,FALSE
6163,TRUE
6164,TRUE
6165,TRUE
6166,TRUE
6167,FALSE
6168,TRUE
6169,FALSE
6170,TRUE
6171,FALSE
6172,TRUE
6173,FALSE
6174,TRUE
6175,FALSE
6176,FALSE
6177,FALSE
6178,TRUE
6179,TRUE
6180,FALSE
6181,FALSE
6182,TRUE
6183,FALSE
6184,TRUE
