id,home_team_win
0,True
1,False
2,True
3,True
4,True
5,True
6,True
7,False
8,False
9,True
10,False
11,False
12,True
13,False
14,True
15,True
16,False
17,True
18,True
19,False
20,False
21,True
22,False
23,False
24,False
25,True
26,False
27,True
28,True
29,True
30,True
31,True
32,False
33,True
34,True
35,False
36,True
37,True
38,False
39,False
40,False
41,True
42,False
43,False
44,True
45,False
46,False
47,True
48,True
49,True
50,False
51,False
52,False
53,False
54,False
55,False
56,True
57,True
58,True
59,False
60,False
61,True
62,True
63,False
64,True
65,True
66,True
67,True
68,False
69,True
70,True
71,True
72,False
73,False
74,False
75,True
76,False
77,True
78,False
79,False
80,False
81,True
82,False
83,True
84,True
85,False
86,True
87,False
88,False
89,False
90,False
91,False
92,False
93,False
94,False
95,False
96,False
97,True
98,False
99,True
100,True
101,True
102,True
103,True
104,True
105,True
106,True
107,False
108,True
109,True
110,True
111,True
112,False
113,True
114,False
115,False
116,True
117,False
118,True
119,True
120,True
121,False
122,True
123,False
124,False
125,False
126,False
127,True
128,True
129,False
130,False
131,True
132,False
133,False
134,False
135,False
136,False
137,False
138,True
139,False
140,True
141,False
142,True
143,True
144,False
145,True
146,True
147,True
148,True
149,True
150,False
151,False
152,True
153,False
154,True
155,True
156,True
157,False
158,True
159,False
160,True
161,True
162,False
163,True
164,False
165,True
166,False
167,False
168,True
169,False
170,False
171,True
172,True
173,True
174,False
175,True
176,False
177,True
178,True
179,True
180,False
181,True
182,False
183,False
184,True
185,False
186,False
187,True
188,True
189,False
190,False
191,True
192,True
193,True
194,True
195,False
196,False
197,True
198,False
199,False
200,True
201,False
202,True
203,False
204,True
205,True
206,False
207,False
208,True
209,True
210,False
211,False
212,False
213,False
214,False
215,False
216,True
217,False
218,False
219,True
220,False
221,True
222,False
223,False
224,False
225,True
226,False
227,True
228,False
229,True
230,True
231,True
232,True
233,False
234,False
235,False
236,True
237,True
238,False
239,False
240,False
241,True
242,False
243,False
244,False
245,True
246,False
247,True
248,True
249,True
250,True
251,False
252,False
253,True
254,False
255,False
256,False
257,False
258,True
259,False
260,False
261,True
262,False
263,True
264,True
265,False
266,False
267,True
268,True
269,False
270,True
271,True
272,True
273,False
274,True
275,False
276,False
277,True
278,False
279,True
280,False
281,False
282,False
283,False
284,True
285,True
286,True
287,True
288,True
289,True
290,True
291,True
292,False
293,True
294,True
295,True
296,False
297,False
298,False
299,False
300,False
301,True
302,True
303,True
304,False
305,True
306,False
307,True
308,False
309,False
310,True
311,False
312,False
313,False
314,True
315,True
316,False
317,False
318,True
319,True
320,True
321,False
322,False
323,True
324,False
325,False
326,False
327,False
328,True
329,True
330,False
331,True
332,True
333,True
334,False
335,True
336,False
337,False
338,True
339,True
340,False
341,True
342,False
343,False
344,False
345,False
346,False
347,True
348,False
349,True
350,False
351,True
352,True
353,True
354,True
355,True
356,False
357,False
358,True
359,False
360,True
361,False
362,True
363,False
364,False
365,True
366,True
367,True
368,False
369,True
370,True
371,True
372,False
373,False
374,False
375,False
376,False
377,False
378,True
379,True
380,False
381,True
382,False
383,True
384,False
385,False
386,False
387,True
388,False
389,True
390,True
391,False
392,True
393,True
394,True
395,True
396,True
397,True
398,True
399,True
400,True
401,True
402,False
403,True
404,True
405,True
406,False
407,False
408,False
409,False
410,True
411,False
412,True
413,False
414,True
415,True
416,False
417,False
418,False
419,False
420,True
421,False
422,True
423,True
424,True
425,True
426,True
427,True
428,False
429,True
430,False
431,False
432,True
433,True
434,False
435,False
436,True
437,True
438,True
439,False
440,False
441,False
442,False
443,True
444,False
445,False
446,True
447,False
448,True
449,True
450,True
451,True
452,True
453,True
454,True
455,True
456,True
457,True
458,False
459,False
460,True
461,False
462,True
463,True
464,True
465,False
466,False
467,False
468,True
469,True
470,False
471,True
472,True
473,False
474,True
475,True
476,False
477,True
478,True
479,True
480,False
481,False
482,True
483,False
484,False
485,True
486,False
487,True
488,True
489,False
490,False
491,False
492,False
493,True
494,False
495,False
496,False
497,True
498,False
499,True
500,False
501,True
502,True
503,True
504,True
505,False
506,True
507,False
508,True
509,False
510,True
511,True
512,False
513,False
514,False
515,True
516,False
517,False
518,True
519,False
520,False
521,False
522,False
523,True
524,False
525,True
526,True
527,True
528,True
529,True
530,True
531,True
532,True
533,True
534,True
535,False
536,True
537,True
538,True
539,True
540,True
541,True
542,True
543,False
544,False
545,True
546,True
547,False
548,False
549,False
550,False
551,True
552,True
553,False
554,False
555,True
556,False
557,True
558,False
559,True
560,False
561,False
562,False
563,False
564,True
565,True
566,False
567,False
568,True
569,True
570,False
571,False
572,True
573,False
574,False
575,False
576,True
577,True
578,True
579,False
580,False
581,True
582,True
583,True
584,True
585,False
586,True
587,False
588,False
589,True
590,False
591,True
592,True
593,False
594,True
595,True
596,True
597,True
598,False
599,False
600,True
601,True
602,False
603,True
604,True
605,True
606,True
607,True
608,True
609,True
610,True
611,False
612,True
613,True
614,False
615,False
616,False
617,True
618,True
619,False
620,True
621,True
622,True
623,False
624,False
625,True
626,False
627,True
628,True
629,False
630,False
631,True
632,True
633,False
634,False
635,True
636,True
637,False
638,True
639,False
640,False
641,False
642,True
643,True
644,False
645,False
646,True
647,False
648,False
649,True
650,False
651,False
652,True
653,True
654,True
655,True
656,True
657,True
658,True
659,True
660,True
661,False
662,True
663,False
664,True
665,False
666,True
667,True
668,False
669,False
670,False
671,False
672,False
673,True
674,True
675,False
676,True
677,True
678,False
679,True
680,True
681,False
682,False
683,True
684,True
685,True
686,True
687,True
688,True
689,False
690,False
691,False
692,False
693,True
694,True
695,True
696,True
697,True
698,True
699,True
700,False
701,True
702,False
703,False
704,False
705,False
706,False
707,True
708,True
709,True
710,True
711,False
712,True
713,False
714,False
715,False
716,False
717,True
718,True
719,True
720,True
721,True
722,False
723,False
724,False
725,False
726,False
727,False
728,False
729,True
730,False
731,False
732,True
733,False
734,True
735,True
736,False
737,False
738,False
739,False
740,True
741,False
742,False
743,True
744,False
745,True
746,True
747,False
748,True
749,True
750,False
751,True
752,True
753,True
754,False
755,True
756,True
757,True
758,False
759,True
760,False
761,False
762,False
763,True
764,False
765,False
766,True
767,False
768,True
769,False
770,False
771,True
772,True
773,False
774,True
775,False
776,False
777,False
778,True
779,True
780,True
781,False
782,True
783,False
784,False
785,False
786,True
787,True
788,True
789,False
790,False
791,True
792,False
793,True
794,False
795,False
796,True
797,True
798,True
799,True
800,True
801,True
802,False
803,True
804,True
805,True
806,False
807,True
808,True
809,True
810,True
811,True
812,False
813,True
814,True
815,True
816,False
817,True
818,True
819,False
820,False
821,False
822,False
823,True
824,False
825,True
826,True
827,False
828,False
829,True
830,True
831,True
832,True
833,False
834,True
835,False
836,False
837,True
838,False
839,True
840,True
841,False
842,True
843,True
844,True
845,False
846,True
847,True
848,True
849,True
850,True
851,True
852,True
853,True
854,True
855,False
856,False
857,False
858,False
859,False
860,False
861,True
862,True
863,True
864,False
865,True
866,True
867,True
868,True
869,True
870,False
871,True
872,False
873,False
874,False
875,False
876,False
877,False
878,False
879,True
880,True
881,False
882,True
883,False
884,False
885,False
886,False
887,True
888,False
889,True
890,True
891,False
892,False
893,True
894,True
895,False
896,False
897,True
898,True
899,True
900,True
901,True
902,False
903,True
904,True
905,False
906,True
907,True
908,False
909,False
910,True
911,True
912,True
913,False
914,False
915,False
916,True
917,True
918,False
919,True
920,False
921,False
922,False
923,False
924,True
925,True
926,False
927,True
928,True
929,False
930,False
931,False
932,True
933,False
934,True
935,False
936,True
937,True
938,False
939,True
940,False
941,True
942,True
943,False
944,False
945,False
946,False
947,False
948,False
949,True
950,False
951,False
952,True
953,True
954,False
955,False
956,False
957,False
958,True
959,False
960,True
961,False
962,False
963,False
964,True
965,False
966,True
967,False
968,False
969,False
970,True
971,True
972,False
973,False
974,True
975,True
976,True
977,True
978,True
979,False
980,True
981,False
982,True
983,True
984,True
985,True
986,False
987,True
988,True
989,True
990,True
991,True
992,False
993,True
994,True
995,True
996,False
997,False
998,False
999,True
1000,True
1001,True
1002,True
1003,False
1004,True
1005,True
1006,True
1007,True
1008,False
1009,True
1010,True
1011,False
1012,True
1013,False
1014,True
1015,False
1016,True
1017,True
1018,False
1019,False
1020,False
1021,True
1022,True
1023,True
1024,False
1025,True
1026,False
1027,True
1028,False
1029,True
1030,False
1031,False
1032,False
1033,True
1034,False
1035,False
1036,True
1037,False
1038,True
1039,False
1040,False
1041,True
1042,False
1043,True
1044,False
1045,True
1046,True
1047,False
1048,False
1049,False
1050,False
1051,True
1052,True
1053,False
1054,False
1055,True
1056,False
1057,False
1058,True
1059,False
1060,False
1061,True
1062,True
1063,False
1064,True
1065,True
1066,True
1067,False
1068,True
1069,True
1070,True
1071,False
1072,True
1073,True
1074,True
1075,False
1076,False
1077,True
1078,False
1079,True
1080,False
1081,True
1082,True
1083,False
1084,False
1085,True
1086,True
1087,False
1088,True
1089,True
1090,True
1091,False
1092,False
1093,False
1094,True
1095,True
1096,True
1097,False
1098,False
1099,True
1100,True
1101,True
1102,False
1103,True
1104,True
1105,False
1106,False
1107,True
1108,False
1109,False
1110,True
1111,True
1112,True
1113,True
1114,False
1115,True
1116,True
1117,True
1118,True
1119,False
1120,True
1121,True
1122,True
1123,True
1124,True
1125,False
1126,False
1127,False
1128,False
1129,False
1130,False
1131,True
1132,False
1133,False
1134,False
1135,False
1136,False
1137,True
1138,True
1139,True
1140,True
1141,True
1142,False
1143,True
1144,True
1145,False
1146,True
1147,False
1148,True
1149,False
1150,False
1151,False
1152,True
1153,True
1154,False
1155,False
1156,False
1157,True
1158,False
1159,True
1160,False
1161,True
1162,True
1163,True
1164,False
1165,True
1166,False
1167,False
1168,False
1169,True
1170,True
1171,True
1172,False
1173,True
1174,False
1175,False
1176,True
1177,False
1178,True
1179,True
1180,True
1181,False
1182,True
1183,True
1184,False
1185,True
1186,False
1187,True
1188,False
1189,True
1190,True
1191,True
1192,True
1193,True
1194,False
1195,True
1196,False
1197,False
1198,True
1199,True
1200,True
1201,True
1202,True
1203,True
1204,False
1205,True
1206,False
1207,True
1208,True
1209,True
1210,True
1211,True
1212,True
1213,True
1214,True
1215,False
1216,False
1217,True
1218,False
1219,False
1220,False
1221,False
1222,True
1223,False
1224,True
1225,False
1226,False
1227,True
1228,False
1229,False
1230,True
1231,False
1232,False
1233,True
1234,False
1235,False
1236,True
1237,False
1238,True
1239,True
1240,False
1241,True
1242,True
1243,False
1244,False
1245,True
1246,False
1247,False
1248,False
1249,True
1250,True
1251,True
1252,False
1253,False
1254,True
1255,True
1256,False
1257,False
1258,False
1259,False
1260,True
1261,False
1262,True
1263,True
1264,False
1265,False
1266,False
1267,False
1268,False
1269,False
1270,False
1271,False
1272,False
1273,False
1274,True
1275,True
1276,True
1277,True
1278,True
1279,True
1280,True
1281,True
1282,True
1283,True
1284,False
1285,False
1286,False
1287,False
1288,True
1289,False
1290,True
1291,False
1292,False
1293,True
1294,False
1295,False
1296,True
1297,True
1298,False
1299,True
1300,False
1301,True
1302,False
1303,True
1304,True
1305,True
1306,False
1307,False
1308,True
1309,False
1310,True
1311,True
1312,True
1313,True
1314,False
1315,False
1316,False
1317,True
1318,True
1319,True
1320,False
1321,False
1322,True
1323,False
1324,True
1325,False
1326,True
1327,True
1328,False
1329,True
1330,False
1331,True
1332,True
1333,True
1334,True
1335,False
1336,True
1337,True
1338,False
1339,True
1340,True
1341,True
1342,True
1343,True
1344,False
1345,False
1346,False
1347,False
1348,True
1349,False
1350,True
1351,False
1352,False
1353,True
1354,True
1355,False
1356,False
1357,False
1358,True
1359,True
1360,True
1361,True
1362,True
1363,True
1364,False
1365,False
1366,False
1367,True
1368,False
1369,False
1370,True
1371,True
1372,False
1373,True
1374,True
1375,False
1376,False
1377,True
1378,False
1379,True
1380,False
1381,False
1382,False
1383,True
1384,True
1385,False
1386,False
1387,False
1388,True
1389,False
1390,True
1391,True
1392,True
1393,False
1394,True
1395,True
1396,True
1397,False
1398,True
1399,False
1400,False
1401,False
1402,False
1403,False
1404,True
1405,True
1406,True
1407,True
1408,True
1409,False
1410,True
1411,True
1412,True
1413,False
1414,True
1415,True
1416,True
1417,True
1418,True
1419,True
1420,False
1421,True
1422,False
1423,False
1424,True
1425,False
1426,True
1427,False
1428,True
1429,True
1430,True
1431,False
1432,False
1433,True
1434,True
1435,False
1436,False
1437,True
1438,False
1439,True
1440,True
1441,True
1442,False
1443,True
1444,False
1445,False
1446,False
1447,False
1448,True
1449,False
1450,True
1451,False
1452,True
1453,False
1454,True
1455,False
1456,True
1457,True
1458,True
1459,True
1460,False
1461,False
1462,True
1463,True
1464,True
1465,True
1466,False
1467,True
1468,False
1469,False
1470,True
1471,True
1472,False
1473,True
1474,False
1475,False
1476,True
1477,True
1478,False
1479,False
1480,True
1481,False
1482,True
1483,False
1484,False
1485,True
1486,True
1487,True
1488,False
1489,False
1490,True
1491,True
1492,True
1493,True
1494,False
1495,True
1496,False
1497,True
1498,False
1499,True
1500,True
1501,False
1502,False
1503,True
1504,False
1505,True
1506,False
1507,True
1508,False
1509,True
1510,False
1511,True
1512,True
1513,False
1514,False
1515,False
1516,False
1517,False
1518,True
1519,True
1520,True
1521,False
1522,False
1523,True
1524,False
1525,False
1526,True
1527,False
1528,True
1529,True
1530,True
1531,False
1532,False
1533,True
1534,True
1535,True
1536,True
1537,True
1538,False
1539,False
1540,True
1541,False
1542,False
1543,True
1544,False
1545,False
1546,True
1547,True
1548,False
1549,False
1550,False
1551,False
1552,False
1553,False
1554,False
1555,True
1556,True
1557,False
1558,True
1559,True
1560,True
1561,False
1562,True
1563,True
1564,False
1565,False
1566,True
1567,True
1568,True
1569,False
1570,True
1571,False
1572,False
1573,False
1574,True
1575,False
1576,False
1577,False
1578,True
1579,True
1580,True
1581,False
1582,True
1583,False
1584,False
1585,False
1586,True
1587,True
1588,False
1589,True
1590,True
1591,True
1592,True
1593,True
1594,True
1595,False
1596,True
1597,True
1598,True
1599,False
1600,True
1601,True
1602,False
1603,True
1604,True
1605,True
1606,True
1607,True
1608,True
1609,True
1610,False
1611,True
1612,True
1613,False
1614,False
1615,False
1616,True
1617,False
1618,True
1619,False
1620,False
1621,True
1622,True
1623,False
1624,False
1625,False
1626,False
1627,False
1628,True
1629,False
1630,False
1631,True
1632,True
1633,False
1634,True
1635,False
1636,False
1637,True
1638,True
1639,True
1640,True
1641,False
1642,True
1643,False
1644,True
1645,True
1646,False
1647,False
1648,False
1649,False
1650,True
1651,True
1652,True
1653,False
1654,False
1655,True
1656,False
1657,True
1658,True
1659,False
1660,True
1661,False
1662,True
1663,True
1664,False
1665,True
1666,False
1667,False
1668,True
1669,False
1670,False
1671,True
1672,False
1673,False
1674,True
1675,True
1676,False
1677,True
1678,False
1679,True
1680,True
1681,True
1682,True
1683,False
1684,False
1685,False
1686,True
1687,True
1688,True
1689,False
1690,True
1691,True
1692,True
1693,True
1694,False
1695,True
1696,True
1697,True
1698,False
1699,True
1700,True
1701,False
1702,True
1703,False
1704,True
1705,False
1706,True
1707,True
1708,False
1709,False
1710,False
1711,True
1712,False
1713,False
1714,True
1715,True
1716,False
1717,True
1718,False
1719,False
1720,True
1721,True
1722,True
1723,True
1724,False
1725,False
1726,False
1727,True
1728,True
1729,False
1730,True
1731,True
1732,False
1733,False
1734,True
1735,True
1736,False
1737,True
1738,True
1739,True
1740,False
1741,True
1742,False
1743,True
1744,False
1745,False
1746,False
1747,False
1748,False
1749,False
1750,True
1751,False
1752,True
1753,False
1754,True
1755,True
1756,True
1757,False
1758,False
1759,True
1760,False
1761,False
1762,False
1763,False
1764,False
1765,False
1766,True
1767,True
1768,False
1769,False
1770,False
1771,False
1772,True
1773,False
1774,False
1775,False
1776,False
1777,False
1778,False
1779,False
1780,False
1781,False
1782,True
1783,True
1784,False
1785,True
1786,False
1787,True
1788,True
1789,False
1790,True
1791,True
1792,False
1793,False
1794,False
1795,True
1796,True
1797,False
1798,True
1799,False
1800,False
1801,True
1802,False
1803,True
1804,False
1805,True
1806,False
1807,True
1808,False
1809,True
1810,True
1811,False
1812,False
1813,True
1814,False
1815,True
1816,False
1817,True
1818,True
1819,False
1820,True
1821,False
1822,False
1823,False
1824,False
1825,False
1826,True
1827,False
1828,True
1829,True
1830,False
1831,False
1832,True
1833,False
1834,True
1835,True
1836,False
1837,True
1838,True
1839,False
1840,True
1841,True
1842,False
1843,False
1844,False
1845,False
1846,True
1847,True
1848,True
1849,False
1850,False
1851,True
1852,False
1853,False
1854,False
1855,True
1856,True
1857,False
1858,True
1859,False
1860,False
1861,True
1862,False
1863,False
1864,True
1865,True
1866,True
1867,False
1868,False
1869,True
1870,True
1871,True
1872,False
1873,True
1874,False
1875,True
1876,True
1877,False
1878,False
1879,True
1880,False
1881,False
1882,False
1883,True
1884,False
1885,True
1886,False
1887,True
1888,True
1889,False
1890,True
1891,False
1892,True
1893,False
1894,False
1895,True
1896,True
1897,True
1898,False
1899,True
1900,False
1901,True
1902,False
1903,True
1904,True
1905,False
1906,True
1907,True
1908,False
1909,False
1910,False
1911,True
1912,True
1913,False
1914,False
1915,False
1916,False
1917,False
1918,True
1919,True
1920,False
1921,True
1922,True
1923,True
1924,False
1925,True
1926,True
1927,True
1928,True
1929,True
1930,True
1931,True
1932,False
1933,True
1934,False
1935,True
1936,True
1937,False
1938,False
1939,True
1940,False
1941,True
1942,True
1943,True
1944,False
1945,False
1946,False
1947,True
1948,True
1949,True
1950,False
1951,True
1952,True
1953,True
1954,True
1955,False
1956,False
1957,False
1958,True
1959,True
1960,False
1961,True
1962,False
1963,False
1964,False
1965,True
1966,True
1967,True
1968,False
1969,True
1970,False
1971,True
1972,True
1973,False
1974,False
1975,True
1976,False
1977,False
1978,True
1979,False
1980,True
1981,True
1982,False
1983,True
1984,True
1985,True
1986,True
1987,True
1988,False
1989,True
1990,True
1991,False
1992,False
1993,False
1994,True
1995,True
1996,True
1997,True
1998,True
1999,True
2000,False
2001,False
2002,True
2003,False
2004,True
2005,True
2006,True
2007,False
2008,False
2009,True
2010,False
2011,False
2012,True
2013,False
2014,True
2015,False
2016,True
2017,False
2018,False
2019,True
2020,False
2021,False
2022,True
2023,False
2024,True
2025,True
2026,False
2027,True
2028,True
2029,False
2030,False
2031,True
2032,False
2033,True
2034,False
2035,False
2036,True
2037,True
2038,False
2039,True
2040,True
2041,False
2042,False
2043,True
2044,False
2045,True
2046,True
2047,True
2048,True
2049,False
2050,False
2051,True
2052,True
2053,True
2054,False
2055,True
2056,True
2057,True
2058,True
2059,True
2060,True
2061,True
2062,True
2063,False
2064,True
2065,False
2066,True
2067,True
2068,False
2069,False
2070,True
2071,False
2072,False
2073,True
2074,True
2075,True
2076,True
2077,False
2078,False
2079,True
2080,True
2081,True
2082,True
2083,False
2084,True
2085,False
2086,True
2087,True
2088,False
2089,True
2090,False
2091,True
2092,True
2093,True
2094,False
2095,False
2096,True
2097,False
2098,False
2099,False
2100,False
2101,True
2102,True
2103,False
2104,True
2105,False
2106,False
2107,True
2108,False
2109,True
2110,False
2111,True
2112,False
2113,False
2114,False
2115,False
2116,True
2117,False
2118,False
2119,True
2120,False
2121,True
2122,True
2123,True
2124,False
2125,True
2126,True
2127,False
2128,False
2129,True
2130,True
2131,False
2132,True
2133,True
2134,True
2135,False
2136,False
2137,True
2138,False
2139,False
2140,False
2141,True
2142,True
2143,False
2144,True
2145,False
2146,True
2147,False
2148,False
2149,False
2150,False
2151,True
2152,True
2153,False
2154,True
2155,False
2156,False
2157,True
2158,True
2159,True
2160,False
2161,False
2162,True
2163,False
2164,True
2165,False
2166,False
2167,True
2168,False
2169,False
2170,True
2171,False
2172,True
2173,True
2174,False
2175,True
2176,False
2177,True
2178,False
2179,True
2180,True
2181,True
2182,False
2183,False
2184,True
2185,True
2186,False
2187,True
2188,False
2189,False
2190,False
2191,False
2192,True
2193,True
2194,True
2195,True
2196,True
2197,True
2198,False
2199,False
2200,False
2201,True
2202,True
2203,False
2204,True
2205,True
2206,True
2207,False
2208,True
2209,True
2210,False
2211,False
2212,False
2213,False
2214,True
2215,True
2216,True
2217,True
2218,False
2219,False
2220,True
2221,True
2222,True
2223,True
2224,False
2225,False
2226,False
2227,True
2228,False
2229,True
2230,False
2231,True
2232,True
2233,True
2234,False
2235,False
2236,False
2237,True
2238,True
2239,True
2240,True
2241,False
2242,True
2243,True
2244,True
2245,False
2246,True
2247,True
2248,False
2249,False
2250,True
2251,True
2252,True
2253,True
2254,True
2255,False
2256,True
2257,False
2258,True
2259,False
2260,False
2261,True
2262,False
2263,False
2264,True
2265,True
2266,False
2267,True
2268,True
2269,False
2270,False
2271,False
2272,False
2273,True
2274,True
2275,True
2276,False
2277,True
2278,False
2279,False
2280,True
2281,False
2282,False
2283,True
2284,False
2285,True
2286,True
2287,True
2288,False
2289,True
2290,True
2291,True
2292,True
2293,False
2294,False
2295,True
2296,False
2297,True
2298,True
2299,False
2300,True
2301,False
2302,False
2303,True
2304,False
2305,False
2306,False
2307,True
2308,True
2309,True
2310,False
2311,False
2312,True
2313,True
2314,False
2315,False
2316,True
2317,True
2318,True
2319,True
2320,True
2321,True
2322,True
2323,True
2324,False
2325,True
2326,False
2327,True
2328,True
2329,False
2330,True
2331,False
2332,True
2333,False
2334,False
2335,True
2336,False
2337,True
2338,False
2339,True
2340,True
2341,False
2342,False
2343,True
2344,False
2345,True
2346,False
2347,False
2348,True
2349,True
2350,False
2351,False
2352,False
2353,False
2354,True
2355,False
2356,True
2357,False
2358,False
2359,True
2360,True
2361,True
2362,True
2363,False
2364,False
2365,True
2366,True
2367,False
2368,True
2369,True
2370,False
2371,True
2372,False
2373,False
2374,True
2375,False
2376,True
2377,False
2378,False
2379,True
2380,False
2381,False
2382,True
2383,False
2384,False
2385,False
2386,False
2387,False
2388,False
2389,False
2390,True
2391,True
2392,False
2393,True
2394,False
2395,False
2396,True
2397,True
2398,False
2399,False
2400,False
2401,False
2402,True
2403,True
2404,True
2405,True
2406,False
2407,False
2408,False
2409,False
2410,False
2411,False
2412,False
2413,False
2414,True
2415,True
2416,True
2417,True
2418,False
2419,True
2420,False
2421,True
2422,True
2423,False
2424,True
2425,False
2426,True
2427,True
2428,True
2429,False
2430,False
2431,False
2432,False
2433,True
2434,False
2435,False
2436,False
2437,True
2438,False
2439,False
2440,False
2441,True
2442,True
2443,True
2444,True
2445,False
2446,True
2447,True
2448,True
2449,False
2450,True
2451,False
2452,True
2453,False
2454,False
2455,False
2456,True
2457,False
2458,False
2459,False
2460,False
2461,False
2462,True
2463,True
2464,True
2465,True
2466,False
2467,True
2468,True
2469,False
2470,False
2471,False
2472,True
2473,True
2474,True
2475,True
2476,False
2477,False
2478,True
2479,True
2480,True
2481,True
2482,False
2483,True
2484,False
2485,False
2486,True
2487,True
2488,False
2489,True
2490,True
2491,True
2492,True
2493,True
2494,False
2495,True
2496,False
2497,False
2498,False
2499,True
2500,True
2501,False
2502,True
2503,False
2504,True
2505,True
2506,True
2507,True
2508,False
2509,True
2510,True
2511,False
2512,True
2513,False
2514,True
2515,False
2516,False
2517,False
2518,True
2519,False
2520,False
2521,True
2522,False
2523,True
2524,True
2525,False
2526,False
2527,False
2528,True
2529,False
2530,True
2531,True
2532,False
2533,False
2534,False
2535,False
2536,True
2537,False
2538,False
2539,True
2540,True
2541,True
2542,True
2543,False
2544,True
2545,False
2546,True
2547,False
2548,True
2549,False
2550,True
2551,False
2552,True
2553,False
2554,True
2555,True
2556,False
2557,False
2558,True
2559,True
2560,False
2561,True
2562,True
2563,False
2564,False
2565,True
2566,False
2567,True
2568,True
2569,False
2570,True
2571,False
2572,False
2573,True
2574,False
2575,True
2576,True
2577,True
2578,False
2579,False
2580,False
2581,False
2582,True
2583,False
2584,True
2585,True
2586,True
2587,False
2588,True
2589,False
2590,False
2591,False
2592,False
2593,False
2594,True
2595,False
2596,True
2597,True
2598,True
2599,True
2600,False
2601,False
2602,True
2603,False
2604,True
2605,False
2606,False
2607,True
2608,False
2609,True
2610,True
2611,True
2612,True
2613,False
2614,True
2615,True
2616,True
2617,False
2618,True
2619,True
2620,True
2621,False
2622,False
2623,False
2624,True
2625,False
2626,True
2627,False
2628,True
2629,False
2630,False
2631,True
2632,True
2633,True
2634,False
2635,True
2636,True
2637,True
2638,False
2639,True
2640,True
2641,True
2642,True
2643,False
2644,True
2645,True
2646,False
2647,True
2648,False
2649,True
2650,False
2651,False
2652,False
2653,False
2654,False
2655,True
2656,True
2657,True
2658,True
2659,False
2660,False
2661,True
2662,False
2663,False
2664,True
2665,True
2666,True
2667,False
2668,False
2669,False
2670,True
2671,True
2672,True
2673,True
2674,False
2675,False
2676,False
2677,False
2678,False
2679,True
2680,False
2681,True
2682,True
2683,False
2684,False
2685,False
2686,True
2687,True
2688,False
2689,True
2690,True
2691,False
2692,True
2693,False
2694,True
2695,False
2696,True
2697,True
2698,True
2699,True
2700,False
2701,True
2702,False
2703,False
2704,False
2705,True
2706,False
2707,False
2708,True
2709,True
2710,True
2711,True
2712,False
2713,True
2714,False
2715,False
2716,True
2717,True
2718,True
2719,True
2720,True
2721,False
2722,False
2723,True
2724,False
2725,True
2726,True
2727,True
2728,True
2729,True
2730,True
2731,True
2732,False
2733,True
2734,True
2735,True
2736,False
2737,False
2738,True
2739,True
2740,False
2741,True
2742,False
2743,True
2744,False
2745,True
2746,True
2747,False
2748,False
2749,False
2750,False
2751,True
2752,False
2753,False
2754,False
2755,False
2756,True
2757,False
2758,False
2759,False
2760,True
2761,False
2762,False
2763,True
2764,True
2765,False
2766,True
2767,False
2768,True
2769,True
2770,False
2771,True
2772,True
2773,True
2774,False
2775,True
2776,False
2777,False
2778,True
2779,True
2780,True
2781,True
2782,False
2783,False
2784,True
2785,True
2786,False
2787,False
2788,True
2789,True
2790,True
2791,False
2792,False
2793,False
2794,False
2795,True
2796,True
2797,True
2798,True
2799,True
2800,True
2801,False
2802,False
2803,False
2804,True
2805,True
2806,True
2807,False
2808,True
2809,False
2810,True
2811,True
2812,False
2813,True
2814,True
2815,True
2816,False
2817,True
2818,True
2819,True
2820,True
2821,True
2822,False
2823,True
2824,True
2825,True
2826,False
2827,False
2828,False
2829,True
2830,False
2831,True
2832,True
2833,True
2834,True
2835,False
2836,True
2837,True
2838,False
2839,True
2840,False
2841,False
2842,True
2843,False
2844,True
2845,True
2846,False
2847,False
2848,True
2849,True
2850,True
2851,False
2852,False
2853,True
2854,True
2855,False
2856,False
2857,True
2858,False
2859,True
2860,True
2861,False
2862,False
2863,False
2864,False
2865,False
2866,False
2867,True
2868,False
2869,False
2870,True
2871,True
2872,True
2873,False
2874,True
2875,True
2876,True
2877,False
2878,False
2879,False
2880,True
2881,False
2882,False
2883,False
2884,True
2885,True
2886,False
2887,False
2888,True
2889,True
2890,False
2891,True
2892,False
2893,True
2894,False
2895,False
2896,True
2897,False
2898,False
2899,False
2900,True
2901,True
2902,False
2903,False
2904,False
2905,True
2906,True
2907,True
2908,False
2909,True
2910,False
2911,True
2912,False
2913,False
2914,True
2915,False
2916,False
2917,False
2918,False
2919,False
2920,True
2921,False
2922,False
2923,False
2924,True
2925,False
2926,True
2927,False
2928,True
2929,True
2930,True
2931,True
2932,False
2933,True
2934,True
2935,False
2936,False
2937,False
2938,True
2939,False
2940,True
2941,True
2942,False
2943,False
2944,True
2945,True
2946,False
2947,True
2948,False
2949,True
2950,False
2951,True
2952,False
2953,True
2954,False
2955,True
2956,False
2957,True
2958,True
2959,True
2960,False
2961,False
2962,True
2963,True
2964,False
2965,True
2966,True
2967,False
2968,True
2969,True
2970,False
2971,True
2972,False
2973,True
2974,True
2975,False
2976,False
2977,True
2978,False
2979,True
2980,False
2981,False
2982,True
2983,False
2984,True
2985,False
2986,False
2987,False
2988,False
2989,True
2990,True
2991,True
2992,False
2993,False
2994,True
2995,True
2996,False
2997,False
2998,False
2999,True
3000,True
3001,False
3002,True
3003,True
3004,True
3005,True
3006,False
3007,True
3008,True
3009,False
3010,True
3011,True
3012,True
3013,True
3014,True
3015,True
3016,True
3017,False
3018,True
3019,True
3020,True
3021,True
3022,False
3023,True
3024,False
3025,False
3026,True
3027,True
3028,True
3029,False
3030,False
3031,False
3032,True
3033,False
3034,False
3035,False
3036,False
3037,False
3038,True
3039,True
3040,True
3041,False
3042,True
3043,True
3044,False
3045,False
3046,True
3047,True
3048,True
3049,True
3050,True
3051,True
3052,True
3053,True
3054,True
3055,False
3056,True
3057,False
3058,True
3059,False
3060,True
3061,False
3062,False
3063,True
3064,False
3065,True
3066,False
3067,True
3068,True
3069,True
3070,False
3071,False
3072,True
3073,True
3074,False
3075,True
3076,False
3077,True
3078,True
3079,True
3080,True
3081,True
3082,True
3083,False
3084,False
3085,True
3086,True
3087,True
3088,False
3089,False
3090,False
3091,True
3092,True
3093,False
3094,False
3095,True
3096,False
3097,True
3098,True
3099,True
3100,False
3101,True
3102,False
3103,False
3104,False
3105,False
3106,False
3107,False
3108,True
3109,False
3110,True
3111,True
3112,False
3113,False
3114,True
3115,False
3116,True
3117,True
3118,False
3119,True
3120,True
3121,False
3122,True
3123,True
3124,True
3125,True
3126,False
3127,True
3128,False
3129,False
3130,True
3131,False
3132,False
3133,False
3134,False
3135,True
3136,False
3137,False
3138,False
3139,True
3140,True
3141,True
3142,False
3143,True
3144,False
3145,True
3146,False
3147,False
3148,True
3149,False
3150,False
3151,True
3152,True
3153,False
3154,True
3155,False
3156,True
3157,False
3158,False
3159,True
3160,True
3161,False
3162,True
3163,False
3164,False
3165,False
3166,False
3167,True
3168,False
3169,False
3170,True
3171,False
3172,True
3173,False
3174,False
3175,False
3176,False
3177,False
3178,True
3179,True
3180,False
3181,False
3182,False
3183,False
3184,False
3185,False
3186,True
3187,True
3188,False
3189,False
3190,False
3191,True
3192,False
3193,False
3194,False
3195,True
3196,True
3197,True
3198,True
3199,False
3200,True
3201,True
3202,True
3203,False
3204,True
3205,True
3206,True
3207,False
3208,True
3209,True
3210,True
3211,True
3212,False
3213,False
3214,False
3215,True
3216,True
3217,False
3218,True
3219,False
3220,False
3221,False
3222,False
3223,True
3224,True
3225,False
3226,False
3227,False
3228,False
3229,False
3230,True
3231,False
3232,False
3233,True
3234,True
3235,True
3236,True
3237,False
3238,True
3239,True
3240,True
3241,True
3242,True
3243,True
3244,False
3245,True
3246,True
3247,True
3248,True
3249,True
3250,False
3251,False
3252,False
3253,False
3254,True
3255,False
3256,False
3257,True
3258,False
3259,True
3260,True
3261,False
3262,False
3263,False
3264,False
3265,True
3266,False
3267,True
3268,False
3269,True
3270,False
3271,False
3272,True
3273,False
3274,True
3275,True
3276,True
3277,True
3278,False
3279,False
3280,True
3281,False
3282,False
3283,True
3284,False
3285,False
3286,False
3287,False
3288,True
3289,False
3290,True
3291,True
3292,True
3293,False
3294,True
3295,False
3296,True
3297,False
3298,False
3299,True
3300,False
3301,True
3302,True
3303,True
3304,True
3305,False
3306,False
3307,True
3308,False
3309,True
3310,False
3311,False
3312,False
3313,True
3314,True
3315,True
3316,False
3317,True
3318,True
3319,True
3320,True
3321,True
3322,True
3323,True
3324,False
3325,True
3326,False
3327,True
3328,True
3329,False
3330,True
3331,False
3332,True
3333,False
3334,True
3335,True
3336,False
3337,False
3338,True
3339,False
3340,False
3341,False
3342,True
3343,True
3344,True
3345,True
3346,False
3347,False
3348,True
3349,True
3350,True
3351,False
3352,False
3353,True
3354,True
3355,True
3356,True
3357,True
3358,False
3359,True
3360,False
3361,True
3362,True
3363,False
3364,False
3365,False
3366,True
3367,False
3368,False
3369,True
3370,True
3371,True
3372,False
3373,True
3374,True
3375,True
3376,False
3377,True
3378,False
3379,True
3380,True
3381,False
3382,False
3383,True
3384,True
3385,False
3386,True
3387,True
3388,True
3389,False
3390,True
3391,False
3392,False
3393,True
3394,True
3395,False
3396,False
3397,False
3398,False
3399,False
3400,True
3401,True
3402,False
3403,False
3404,False
3405,False
3406,True
3407,True
3408,True
3409,True
3410,False
3411,False
3412,True
3413,True
3414,False
3415,True
3416,True
3417,True
3418,True
3419,False
3420,False
3421,True
3422,False
3423,True
3424,False
3425,False
3426,True
3427,False
3428,True
3429,False
3430,True
3431,False
3432,True
3433,False
3434,False
3435,False
3436,False
3437,True
3438,False
3439,True
3440,False
3441,True
3442,True
3443,False
3444,False
3445,True
3446,True
3447,False
3448,False
3449,True
3450,False
3451,True
3452,True
3453,True
3454,True
3455,False
3456,True
3457,True
3458,True
3459,False
3460,False
3461,False
3462,False
3463,True
3464,False
3465,False
3466,True
3467,True
3468,False
3469,True
3470,False
3471,False
3472,False
3473,False
3474,False
3475,True
3476,True
3477,False
3478,False
3479,False
3480,False
3481,True
3482,False
3483,True
3484,False
3485,False
3486,False
3487,True
3488,True
3489,True
3490,True
3491,True
3492,True
3493,False
3494,False
3495,True
3496,True
3497,True
3498,True
3499,False
3500,True
3501,False
3502,True
3503,True
3504,False
3505,True
3506,False
3507,True
3508,False
3509,True
3510,True
3511,False
3512,False
3513,True
3514,True
3515,True
3516,False
3517,True
3518,False
3519,True
3520,True
3521,False
3522,True
3523,True
3524,False
3525,True
3526,False
3527,True
3528,False
3529,True
3530,True
3531,False
3532,True
3533,False
3534,True
3535,True
3536,False
3537,False
3538,True
3539,True
3540,False
3541,False
3542,False
3543,True
3544,True
3545,True
3546,True
3547,False
3548,False
3549,True
3550,True
3551,True
3552,False
3553,True
3554,False
3555,True
3556,True
3557,False
3558,True
3559,False
3560,False
3561,False
3562,False
3563,True
3564,True
3565,False
3566,True
3567,False
3568,True
3569,False
3570,True
3571,True
3572,False
3573,True
3574,True
3575,True
3576,False
3577,True
3578,True
3579,True
3580,False
3581,False
3582,True
3583,True
3584,False
3585,True
3586,True
3587,True
3588,False
3589,True
3590,False
3591,True
3592,False
3593,False
3594,False
3595,False
3596,False
3597,False
3598,True
3599,False
3600,True
3601,True
3602,True
3603,True
3604,True
3605,True
3606,True
3607,True
3608,True
3609,True
3610,False
3611,True
3612,False
3613,False
3614,False
3615,True
3616,False
3617,False
3618,True
3619,False
3620,False
3621,True
3622,False
3623,False
3624,True
3625,False
3626,False
3627,True
3628,False
3629,True
3630,True
3631,False
3632,True
3633,True
3634,False
3635,True
3636,False
3637,True
3638,True
3639,True
3640,True
3641,True
3642,True
3643,True
3644,True
3645,False
3646,True
3647,True
3648,True
3649,False
3650,True
3651,False
3652,False
3653,True
3654,False
3655,False
3656,False
3657,False
3658,True
3659,False
3660,True
3661,True
3662,True
3663,False
3664,False
3665,False
3666,True
3667,False
3668,False
3669,True
3670,False
3671,False
3672,True
3673,True
3674,True
3675,True
3676,False
3677,True
3678,False
3679,False
3680,False
3681,True
3682,False
3683,False
3684,True
3685,False
3686,True
3687,True
3688,False
3689,True
3690,False
3691,True
3692,True
3693,False
3694,True
3695,False
3696,True
3697,True
3698,True
3699,False
3700,False
3701,False
3702,True
3703,False
3704,True
3705,False
3706,False
3707,False
3708,False
3709,True
3710,True
3711,True
3712,False
3713,True
3714,False
3715,False
3716,False
3717,True
3718,False
3719,True
3720,False
3721,False
3722,False
3723,False
3724,False
3725,False
3726,False
3727,False
3728,False
3729,True
3730,False
3731,False
3732,False
3733,True
3734,True
3735,True
3736,False
3737,True
3738,False
3739,True
3740,True
3741,False
3742,True
3743,True
3744,True
3745,False
3746,True
3747,True
3748,False
3749,True
3750,True
3751,True
3752,False
3753,True
3754,False
3755,False
3756,True
3757,True
3758,True
3759,True
3760,True
3761,True
3762,False
3763,True
3764,False
3765,False
3766,True
3767,True
3768,False
3769,False
3770,False
3771,True
3772,True
3773,False
3774,False
3775,False
3776,True
3777,False
3778,True
3779,False
3780,True
3781,True
3782,False
3783,False
3784,False
3785,True
3786,True
3787,False
3788,True
3789,False
3790,True
3791,False
3792,False
3793,True
3794,True
3795,True
3796,False
3797,True
3798,True
3799,True
3800,True
3801,False
3802,False
3803,True
3804,True
3805,True
3806,False
3807,False
3808,False
3809,False
3810,True
3811,True
3812,True
3813,True
3814,True
3815,False
3816,False
3817,False
3818,True
3819,False
3820,True
3821,True
3822,False
3823,False
3824,True
3825,True
3826,True
3827,True
3828,True
3829,False
3830,False
3831,False
3832,False
3833,True
3834,False
3835,False
3836,True
3837,True
3838,True
3839,True
3840,False
3841,False
3842,True
3843,False
3844,False
3845,True
3846,True
3847,False
3848,True
3849,True
3850,True
3851,True
3852,False
3853,False
3854,False
3855,True
3856,True
3857,False
3858,False
3859,False
3860,False
3861,False
3862,True
3863,True
3864,True
3865,True
3866,False
3867,False
3868,False
3869,True
3870,False
3871,True
3872,True
3873,False
3874,True
3875,True
3876,False
3877,True
3878,False
3879,False
3880,True
3881,True
3882,True
3883,True
3884,True
3885,False
3886,True
3887,False
3888,True
3889,True
3890,True
3891,False
3892,False
3893,True
3894,False
3895,True
3896,True
3897,False
3898,False
3899,True
3900,True
3901,True
3902,True
3903,True
3904,False
3905,False
3906,True
3907,False
3908,True
3909,False
3910,False
3911,True
3912,True
3913,False
3914,False
3915,False
3916,True
3917,False
3918,True
3919,True
3920,True
3921,False
3922,False
3923,True
3924,False
3925,False
3926,False
3927,True
3928,False
3929,True
3930,False
3931,True
3932,True
3933,False
3934,True
3935,False
3936,True
3937,False
3938,True
3939,False
3940,True
3941,False
3942,True
3943,True
3944,False
3945,True
3946,True
3947,False
3948,True
3949,False
3950,False
3951,True
3952,True
3953,False
3954,True
3955,True
3956,True
3957,False
3958,False
3959,True
3960,True
3961,True
3962,False
3963,True
3964,True
3965,True
3966,False
3967,False
3968,True
3969,False
3970,False
3971,False
3972,True
3973,False
3974,False
3975,True
3976,True
3977,False
3978,True
3979,True
3980,True
3981,False
3982,True
3983,False
3984,True
3985,True
3986,True
3987,True
3988,True
3989,False
3990,False
3991,False
3992,True
3993,False
3994,False
3995,True
3996,False
3997,True
3998,True
3999,True
4000,True
4001,True
4002,False
4003,False
4004,False
4005,False
4006,True
4007,False
4008,True
4009,True
4010,False
4011,False
4012,True
4013,True
4014,False
4015,False
4016,False
4017,True
4018,True
4019,True
4020,True
4021,True
4022,False
4023,False
4024,True
4025,True
4026,True
4027,True
4028,False
4029,True
4030,True
4031,True
4032,True
4033,True
4034,False
4035,True
4036,False
4037,False
4038,False
4039,True
4040,True
4041,True
4042,False
4043,False
4044,True
4045,False
4046,True
4047,False
4048,False
4049,True
4050,True
4051,False
4052,False
4053,True
4054,False
4055,True
4056,False
4057,True
4058,False
4059,False
4060,True
4061,False
4062,False
4063,True
4064,True
4065,True
4066,False
4067,True
4068,True
4069,False
4070,True
4071,True
4072,True
4073,False
4074,False
4075,False
4076,False
4077,False
4078,True
4079,False
4080,False
4081,False
4082,False
4083,False
4084,False
4085,True
4086,True
4087,False
4088,True
4089,True
4090,True
4091,True
4092,False
4093,True
4094,False
4095,False
4096,False
4097,True
4098,False
4099,True
4100,True
4101,True
4102,False
4103,True
4104,True
4105,False
4106,False
4107,True
4108,False
4109,True
4110,False
4111,True
4112,False
4113,True
4114,True
4115,False
4116,True
4117,False
4118,False
4119,True
4120,False
4121,True
4122,False
4123,False
4124,False
4125,False
4126,False
4127,False
4128,False
4129,False
4130,True
4131,False
4132,True
4133,False
4134,False
4135,False
4136,False
4137,True
4138,True
4139,False
4140,True
4141,True
4142,False
4143,True
4144,False
4145,False
4146,True
4147,False
4148,True
4149,False
4150,False
4151,False
4152,False
4153,True
4154,False
4155,False
4156,False
4157,False
4158,True
4159,True
4160,False
4161,True
4162,True
4163,False
4164,False
4165,True
4166,False
4167,False
4168,False
4169,False
4170,True
4171,False
4172,True
4173,False
4174,True
4175,True
4176,False
4177,False
4178,True
4179,True
4180,True
4181,True
4182,False
4183,True
4184,True
4185,False
4186,True
4187,True
4188,False
4189,False
4190,False
4191,False
4192,True
4193,True
4194,False
4195,True
4196,True
4197,False
4198,True
4199,True
4200,True
4201,False
4202,True
4203,False
4204,True
4205,False
4206,True
4207,True
4208,False
4209,False
4210,True
4211,True
4212,True
4213,False
4214,True
4215,False
4216,False
4217,False
4218,True
4219,True
4220,False
4221,False
4222,False
4223,True
4224,False
4225,False
4226,False
4227,True
4228,True
4229,True
4230,False
4231,False
4232,True
4233,True
4234,False
4235,False
4236,True
4237,True
4238,True
4239,True
4240,True
4241,True
4242,True
4243,False
4244,False
4245,True
4246,True
4247,True
4248,True
4249,True
4250,False
4251,True
4252,False
4253,False
4254,True
4255,True
4256,True
4257,True
4258,False
4259,True
4260,True
4261,True
4262,False
4263,True
4264,True
4265,True
4266,False
4267,True
4268,False
4269,False
4270,False
4271,True
4272,False
4273,False
4274,True
4275,False
4276,False
4277,False
4278,True
4279,False
4280,False
4281,True
4282,True
4283,False
4284,True
4285,True
4286,True
4287,False
4288,False
4289,False
4290,True
4291,True
4292,False
4293,True
4294,True
4295,False
4296,False
4297,False
4298,True
4299,False
4300,False
4301,False
4302,True
4303,True
4304,False
4305,True
4306,False
4307,True
4308,True
4309,True
4310,False
4311,True
4312,False
4313,True
4314,True
4315,False
4316,False
4317,True
4318,False
4319,False
4320,False
4321,False
4322,False
4323,True
4324,True
4325,True
4326,False
4327,True
4328,False
4329,True
4330,True
4331,True
4332,True
4333,True
4334,True
4335,False
4336,True
4337,False
4338,False
4339,True
4340,True
4341,False
4342,True
4343,False
4344,True
4345,True
4346,True
4347,False
4348,True
4349,False
4350,False
4351,True
4352,False
4353,False
4354,True
4355,False
4356,True
4357,True
4358,True
4359,True
4360,False
4361,True
4362,True
4363,False
4364,False
4365,False
4366,True
4367,True
4368,True
4369,False
4370,True
4371,False
4372,True
4373,True
4374,False
4375,True
4376,False
4377,True
4378,True
4379,False
4380,True
4381,True
4382,False
4383,False
4384,False
4385,False
4386,False
4387,False
4388,False
4389,False
4390,False
4391,True
4392,True
4393,True
4394,True
4395,True
4396,True
4397,True
4398,True
4399,False
4400,False
4401,True
4402,False
4403,True
4404,True
4405,False
4406,True
4407,True
4408,False
4409,False
4410,True
4411,False
4412,True
4413,False
4414,True
4415,True
4416,True
4417,True
4418,True
4419,True
4420,True
4421,True
4422,True
4423,True
4424,False
4425,False
4426,False
4427,False
4428,False
4429,False
4430,False
4431,True
4432,True
4433,True
4434,False
4435,False
4436,False
4437,False
4438,True
4439,True
4440,False
4441,False
4442,False
4443,True
4444,True
4445,True
4446,False
4447,False
4448,False
4449,False
4450,True
4451,False
4452,True
4453,False
4454,True
4455,True
4456,True
4457,True
4458,True
4459,False
4460,False
4461,True
4462,False
4463,True
4464,True
4465,True
4466,True
4467,True
4468,True
4469,False
4470,False
4471,True
4472,False
4473,True
4474,False
4475,False
4476,True
4477,True
4478,False
4479,False
4480,True
4481,True
4482,False
4483,True
4484,True
4485,True
4486,True
4487,False
4488,True
4489,True
4490,False
4491,False
4492,False
4493,False
4494,False
4495,True
4496,False
4497,False
4498,False
4499,True
4500,True
4501,True
4502,False
4503,False
4504,True
4505,True
4506,False
4507,True
4508,True
4509,False
4510,False
4511,False
4512,False
4513,False
4514,True
4515,True
4516,True
4517,False
4518,False
4519,False
4520,True
4521,False
4522,False
4523,False
4524,False
4525,False
4526,True
4527,False
4528,True
4529,True
4530,True
4531,False
4532,False
4533,True
4534,False
4535,True
4536,False
4537,True
4538,True
4539,True
4540,False
4541,True
4542,False
4543,False
4544,True
4545,True
4546,True
4547,True
4548,False
4549,False
4550,True
4551,True
4552,True
4553,False
4554,False
4555,False
4556,False
4557,True
4558,True
4559,True
4560,True
4561,True
4562,False
4563,False
4564,False
4565,True
4566,False
4567,True
4568,True
4569,True
4570,True
4571,False
4572,True
4573,False
4574,False
4575,True
4576,False
4577,True
4578,True
4579,True
4580,False
4581,True
4582,True
4583,True
4584,True
4585,False
4586,False
4587,False
4588,False
4589,False
4590,False
4591,False
4592,True
4593,False
4594,True
4595,True
4596,False
4597,False
4598,False
4599,False
4600,False
4601,True
4602,False
4603,True
4604,False
4605,False
4606,True
4607,True
4608,True
4609,True
4610,True
4611,True
4612,False
4613,True
4614,False
4615,False
4616,False
4617,False
4618,False
4619,True
4620,False
4621,False
4622,True
4623,False
4624,False
4625,True
4626,False
4627,True
4628,True
4629,True
4630,False
4631,False
4632,True
4633,True
4634,False
4635,False
4636,True
4637,True
4638,False
4639,True
4640,False
4641,True
4642,False
4643,False
4644,True
4645,True
4646,False
4647,False
4648,False
4649,False
4650,True
4651,True
4652,False
4653,False
4654,True
4655,True
4656,False
4657,True
4658,False
4659,True
4660,False
4661,False
4662,False
4663,True
4664,False
4665,True
4666,False
4667,False
4668,True
4669,True
4670,True
4671,False
4672,False
4673,True
4674,False
4675,True
4676,True
4677,False
4678,False
4679,False
4680,False
4681,False
4682,True
4683,True
4684,True
4685,True
4686,False
4687,True
4688,False
4689,True
4690,False
4691,False
4692,False
4693,True
4694,False
4695,True
4696,False
4697,False
4698,True
4699,True
4700,False
4701,False
4702,False
4703,False
4704,True
4705,False
4706,True
4707,False
4708,False
4709,False
4710,False
4711,True
4712,True
4713,True
4714,True
4715,False
4716,True
4717,True
4718,False
4719,False
4720,True
4721,True
4722,True
4723,False
4724,False
4725,True
4726,True
4727,False
4728,False
4729,False
4730,False
4731,True
4732,False
4733,False
4734,False
4735,True
4736,True
4737,True
4738,True
4739,True
4740,True
4741,False
4742,True
4743,False
4744,True
4745,True
4746,True
4747,True
4748,True
4749,False
4750,False
4751,False
4752,False
4753,True
4754,False
4755,False
4756,True
4757,True
4758,True
4759,False
4760,False
4761,False
4762,True
4763,True
4764,True
4765,False
4766,True
4767,True
4768,False
4769,True
4770,False
4771,False
4772,False
4773,False
4774,False
4775,False
4776,True
4777,False
4778,False
4779,True
4780,False
4781,False
4782,False
4783,False
4784,False
4785,True
4786,False
4787,False
4788,True
4789,True
4790,False
4791,True
4792,False
4793,False
4794,True
4795,False
4796,True
4797,False
4798,True
4799,True
4800,True
4801,False
4802,False
4803,True
4804,False
4805,True
4806,True
4807,False
4808,False
4809,True
4810,True
4811,True
4812,False
4813,False
4814,False
4815,True
4816,True
4817,True
4818,False
4819,True
4820,False
4821,False
4822,False
4823,False
4824,True
4825,True
4826,True
4827,True
4828,True
4829,False
4830,False
4831,False
4832,False
4833,False
4834,True
4835,False
4836,False
4837,False
4838,False
4839,False
4840,True
4841,True
4842,True
4843,True
4844,True
4845,True
4846,True
4847,True
4848,True
4849,True
4850,False
4851,True
4852,False
4853,False
4854,True
4855,False
4856,False
4857,True
4858,True
4859,False
4860,True
4861,True
4862,False
4863,False
4864,False
4865,True
4866,True
4867,False
4868,True
4869,False
4870,False
4871,True
4872,True
4873,False
4874,True
4875,False
4876,True
4877,False
4878,True
4879,False
4880,True
4881,False
4882,True
4883,True
4884,True
4885,False
4886,True
4887,True
4888,False
4889,False
4890,True
4891,False
4892,True
4893,False
4894,True
4895,True
4896,True
4897,False
4898,True
4899,True
4900,True
4901,False
4902,False
4903,True
4904,False
4905,True
4906,False
4907,False
4908,True
4909,True
4910,True
4911,False
4912,False
4913,True
4914,True
4915,True
4916,False
4917,False
4918,True
4919,True
4920,True
4921,True
4922,True
4923,False
4924,True
4925,False
4926,True
4927,False
4928,True
4929,True
4930,True
4931,False
4932,True
4933,False
4934,False
4935,True
4936,False
4937,False
4938,True
4939,False
4940,True
4941,False
4942,False
4943,True
4944,True
4945,False
4946,False
4947,True
4948,True
4949,True
4950,True
4951,False
4952,True
4953,False
4954,False
4955,False
4956,True
4957,False
4958,False
4959,True
4960,True
4961,False
4962,False
4963,True
4964,False
4965,True
4966,False
4967,True
4968,True
4969,False
4970,False
4971,True
4972,False
4973,False
4974,False
4975,True
4976,False
4977,True
4978,False
4979,True
4980,True
4981,False
4982,False
4983,False
4984,True
4985,False
4986,False
4987,True
4988,False
4989,False
4990,False
4991,True
4992,False
4993,False
4994,False
4995,True
4996,False
4997,False
4998,True
4999,True
5000,False
5001,True
5002,True
5003,False
5004,False
5005,True
5006,False
5007,False
5008,False
5009,True
5010,True
5011,False
5012,True
5013,True
5014,True
5015,False
5016,False
5017,False
5018,False
5019,True
5020,True
5021,True
5022,True
5023,True
5024,False
5025,True
5026,False
5027,True
5028,False
5029,True
5030,True
5031,True
5032,False
5033,False
5034,False
5035,True
5036,True
5037,False
5038,True
5039,True
5040,False
5041,True
5042,True
5043,True
5044,True
5045,False
5046,True
5047,True
5048,False
5049,True
5050,True
5051,False
5052,True
5053,False
5054,False
5055,True
5056,False
5057,False
5058,True
5059,True
5060,True
5061,True
5062,False
5063,True
5064,True
5065,False
5066,True
5067,False
5068,True
5069,False
5070,True
5071,True
5072,False
5073,False
5074,False
5075,True
5076,True
5077,False
5078,False
5079,False
5080,True
5081,False
5082,True
5083,False
5084,False
5085,False
5086,True
5087,False
5088,False
5089,True
5090,False
5091,False
5092,False
5093,True
5094,True
5095,True
5096,False
5097,False
5098,True
5099,False
5100,True
5101,True
5102,False
5103,False
5104,False
5105,True
5106,False
5107,False
5108,False
5109,True
5110,True
5111,True
5112,True
5113,True
5114,False
5115,True
5116,True
5117,False
5118,True
5119,True
5120,False
5121,False
5122,False
5123,True
5124,True
5125,True
5126,True
5127,True
5128,True
5129,True
5130,False
5131,True
5132,False
5133,True
5134,False
5135,True
5136,True
5137,True
5138,True
5139,True
5140,False
5141,False
5142,True
5143,False
5144,False
5145,False
5146,True
5147,False
5148,True
5149,True
5150,True
5151,False
5152,True
5153,False
5154,False
5155,True
5156,False
5157,False
5158,True
5159,True
5160,True
5161,False
5162,True
5163,True
5164,False
5165,False
5166,True
5167,True
5168,False
5169,True
5170,False
5171,False
5172,False
5173,True
5174,True
5175,False
5176,False
5177,True
5178,False
5179,False
5180,True
5181,False
5182,False
5183,False
5184,False
5185,True
5186,False
5187,False
5188,True
5189,True
5190,True
5191,True
5192,False
5193,False
5194,False
5195,False
5196,False
5197,False
5198,False
5199,True
5200,True
5201,True
5202,False
5203,False
5204,True
5205,False
5206,True
5207,True
5208,False
5209,False
5210,False
5211,False
5212,True
5213,False
5214,True
5215,False
5216,True
5217,True
5218,False
5219,True
5220,True
5221,True
5222,False
5223,False
5224,True
5225,False
5226,True
5227,True
5228,False
5229,False
5230,False
5231,False
5232,False
5233,False
5234,False
5235,True
5236,True
5237,True
5238,True
5239,True
5240,False
5241,True
5242,False
5243,False
5244,True
5245,False
5246,False
5247,True
5248,False
5249,False
5250,True
5251,True
5252,False
5253,True
5254,False
5255,True
5256,True
5257,False
5258,False
5259,True
5260,True
5261,False
5262,True
5263,True
5264,True
5265,False
5266,False
5267,False
5268,True
5269,True
5270,True
5271,True
5272,False
5273,True
5274,False
5275,False
5276,False
5277,True
5278,True
5279,True
5280,False
5281,False
5282,True
5283,False
5284,True
5285,True
5286,True
5287,False
5288,False
5289,False
5290,True
5291,False
5292,False
5293,False
5294,False
5295,True
5296,True
5297,False
5298,True
5299,True
5300,True
5301,True
5302,True
5303,False
5304,True
5305,False
5306,False
5307,False
5308,True
5309,False
5310,True
5311,False
5312,False
5313,True
5314,True
5315,False
5316,True
5317,True
5318,True
5319,True
5320,True
5321,True
5322,False
5323,False
5324,False
5325,False
5326,False
5327,False
5328,False
5329,True
5330,False
5331,True
5332,False
5333,True
5334,True
5335,False
5336,True
5337,False
5338,True
5339,False
5340,True
5341,False
5342,True
5343,True
5344,True
5345,False
5346,False
5347,False
5348,False
5349,False
5350,False
5351,False
5352,True
5353,True
5354,False
5355,True
5356,True
5357,True
5358,True
5359,True
5360,True
5361,True
5362,False
5363,True
5364,True
5365,True
5366,True
5367,True
5368,False
5369,True
5370,False
5371,True
5372,False
5373,False
5374,True
5375,True
5376,True
5377,True
5378,True
5379,True
5380,False
5381,True
5382,True
5383,False
5384,True
5385,False
5386,True
5387,True
5388,False
5389,True
5390,False
5391,False
5392,False
5393,True
5394,False
5395,False
5396,False
5397,False
5398,True
5399,False
5400,False
5401,True
5402,False
5403,False
5404,False
5405,True
5406,False
5407,False
5408,False
5409,False
5410,True
5411,True
5412,False
5413,False
5414,True
5415,True
5416,True
5417,True
5418,False
5419,False
5420,True
5421,False
5422,True
5423,True
5424,True
5425,False
5426,False
5427,False
5428,True
5429,True
5430,True
5431,True
5432,True
5433,False
5434,False
5435,True
5436,False
5437,False
5438,True
5439,True
5440,False
5441,False
5442,False
5443,False
5444,True
5445,True
5446,True
5447,True
5448,True
5449,True
5450,True
5451,True
5452,False
5453,True
5454,False
5455,False
5456,False
5457,True
5458,True
5459,True
5460,False
5461,True
5462,True
5463,True
5464,True
5465,False
5466,False
5467,False
5468,True
5469,True
5470,False
5471,False
5472,True
5473,False
5474,True
5475,True
5476,True
5477,False
5478,True
5479,True
5480,True
5481,True
5482,True
5483,True
5484,False
5485,True
5486,True
5487,True
5488,True
5489,False
5490,False
5491,True
5492,True
5493,True
5494,False
5495,False
5496,True
5497,True
5498,True
5499,True
5500,False
5501,False
5502,True
5503,False
5504,False
5505,True
5506,False
5507,False
5508,True
5509,False
5510,False
5511,False
5512,True
5513,False
5514,True
5515,True
5516,False
5517,True
5518,False
5519,True
5520,True
5521,False
5522,True
5523,False
5524,True
5525,False
5526,True
5527,True
5528,False
5529,False
5530,False
5531,False
5532,True
5533,True
5534,True
5535,True
5536,True
5537,False
5538,True
5539,True
5540,True
5541,False
5542,True
5543,False
5544,False
5545,False
5546,False
5547,False
5548,True
5549,False
5550,True
5551,True
5552,False
5553,True
5554,False
5555,False
5556,True
5557,True
5558,True
5559,False
5560,True
5561,False
5562,False
5563,True
5564,False
5565,False
5566,True
5567,False
5568,True
5569,True
5570,False
5571,True
5572,True
5573,False
5574,True
5575,False
5576,True
5577,True
5578,False
5579,False
5580,True
5581,True
5582,True
5583,True
5584,False
5585,True
5586,True
5587,True
5588,False
5589,True
5590,True
5591,False
5592,True
5593,False
5594,False
5595,False
5596,False
5597,False
5598,True
5599,False
5600,False
5601,True
5602,False
5603,False
5604,True
5605,False
5606,False
5607,True
5608,False
5609,False
5610,True
5611,True
5612,False
5613,False
5614,False
5615,True
5616,False
5617,True
5618,True
5619,False
5620,False
5621,True
5622,True
5623,True
5624,False
5625,True
5626,True
5627,False
5628,True
5629,False
5630,False
5631,True
5632,False
5633,False
5634,False
5635,True
5636,True
5637,True
5638,True
5639,False
5640,True
5641,True
5642,False
5643,False
5644,True
5645,True
5646,True
5647,True
5648,True
5649,True
5650,False
5651,False
5652,True
5653,True
5654,False
5655,False
5656,True
5657,False
5658,True
5659,True
5660,True
5661,False
5662,True
5663,False
5664,False
5665,True
5666,True
5667,False
5668,False
5669,True
5670,True
5671,False
5672,False
5673,False
5674,False
5675,False
5676,True
5677,False
5678,True
5679,False
5680,False
5681,True
5682,True
5683,False
5684,False
5685,False
5686,False
5687,True
5688,True
5689,True
5690,False
5691,True
5692,False
5693,True
5694,True
5695,False
5696,True
5697,False
5698,False
5699,True
5700,True
5701,True
5702,False
5703,True
5704,False
5705,True
5706,True
5707,True
5708,True
5709,False
5710,True
5711,True
5712,False
5713,True
5714,False
5715,True
5716,False
5717,True
5718,False
5719,False
5720,True
5721,False
5722,False
5723,True
5724,False
5725,False
5726,True
5727,True
5728,False
5729,False
5730,True
5731,True
5732,True
5733,True
5734,False
5735,False
5736,False
5737,True
5738,True
5739,True
5740,False
5741,True
5742,False
5743,True
5744,False
5745,False
5746,True
5747,True
5748,True
5749,True
5750,True
5751,False
5752,True
5753,False
5754,False
5755,False
5756,False
5757,False
5758,True
5759,False
5760,False
5761,True
5762,True
5763,False
5764,True
5765,True
5766,True
5767,False
5768,False
5769,False
5770,True
5771,True
5772,True
5773,False
5774,False
5775,True
5776,False
5777,True
5778,False
5779,True
5780,False
5781,False
5782,False
5783,False
5784,True
5785,True
5786,True
5787,False
5788,False
5789,False
5790,True
5791,True
5792,True
5793,True
5794,True
5795,False
5796,True
5797,False
5798,False
5799,True
5800,True
5801,False
5802,True
5803,True
5804,False
5805,False
5806,False
5807,False
5808,False
5809,False
5810,True
5811,True
5812,False
5813,True
5814,False
5815,True
5816,False
5817,False
5818,False
5819,False
5820,False
5821,True
5822,True
5823,False
5824,True
5825,False
5826,True
5827,False
5828,True
5829,False
5830,False
5831,True
5832,True
5833,False
5834,True
5835,True
5836,False
5837,False
5838,True
5839,False
5840,False
5841,False
5842,False
5843,False
5844,False
5845,False
5846,True
5847,True
5848,True
5849,False
5850,True
5851,False
5852,True
5853,False
5854,True
5855,True
5856,False
5857,True
5858,True
5859,False
5860,True
5861,True
5862,True
5863,True
5864,False
5865,True
5866,False
5867,False
5868,True
5869,False
5870,False
5871,True
5872,False
5873,False
5874,False
5875,False
5876,False
5877,False
5878,False
5879,False
5880,False
5881,True
5882,True
5883,False
5884,False
5885,True
5886,False
5887,False
5888,True
5889,False
5890,True
5891,False
5892,False
5893,True
5894,True
5895,False
5896,False
5897,False
5898,False
5899,True
5900,False
5901,False
5902,False
5903,False
5904,True
5905,False
5906,False
5907,False
5908,True
5909,True
5910,True
5911,True
5912,False
5913,True
5914,True
5915,False
5916,False
5917,False
5918,False
5919,False
5920,False
5921,True
5922,True
5923,False
5924,True
5925,False
5926,False
5927,False
5928,True
5929,False
5930,False
5931,False
5932,True
5933,True
5934,True
5935,False
5936,True
5937,True
5938,False
5939,False
5940,False
5941,False
5942,False
5943,False
5944,False
5945,True
5946,False
5947,False
5948,False
5949,True
5950,True
5951,True
5952,False
5953,False
5954,True
5955,True
5956,False
5957,True
5958,True
5959,False
5960,True
5961,False
5962,False
5963,True
5964,False
5965,False
5966,False
5967,False
5968,True
5969,True
5970,True
5971,True
5972,False
5973,True
5974,True
5975,True
5976,True
5977,False
5978,False
5979,True
5980,True
5981,False
5982,False
5983,False
5984,False
5985,True
5986,False
5987,True
5988,True
5989,False
5990,False
5991,True
5992,True
5993,True
5994,True
5995,True
5996,True
5997,False
5998,True
5999,False
6000,False
6001,False
6002,False
6003,True
6004,False
6005,False
6006,False
6007,False
6008,True
6009,True
6010,True
6011,True
6012,True
6013,True
6014,False
6015,True
6016,True
6017,True
6018,False
6019,False
6020,True
6021,False
6022,False
6023,False
6024,True
6025,True
6026,True
6027,False
6028,True
6029,True
6030,False
6031,False
6032,False
6033,True
6034,True
6035,True
6036,True
6037,True
6038,True
6039,True
6040,True
6041,True
6042,True
6043,True
6044,False
6045,True
6046,False
6047,False
6048,True
6049,False
6050,False
6051,True
6052,True
6053,False
6054,False
6055,False
6056,True
6057,False
6058,True
6059,False
6060,False
6061,False
6062,False
6063,True
6064,True
6065,True
6066,True
6067,False
6068,False
6069,False
6070,True
6071,False
6072,True
6073,False
6074,True
6075,False
6076,True
6077,True
6078,True
6079,False
6080,False
6081,False
6082,True
6083,False
6084,False
6085,False
6086,False
6087,False
6088,False
6089,False
6090,False
6091,True
6092,True
6093,True
6094,False
6095,False
6096,True
6097,True
6098,True
6099,True
6100,False
6101,False
6102,False
6103,False
6104,True
6105,False
6106,False
6107,False
6108,False
6109,True
6110,False
6111,False
6112,False
6113,True
6114,True
6115,True
6116,True
6117,True
6118,False
6119,False
6120,False
6121,False
6122,False
6123,True
6124,True
6125,True
6126,False
6127,False
6128,False
6129,False
6130,False
6131,False
6132,True
6133,False
6134,False
6135,True
6136,True
6137,True
6138,False
6139,False
6140,False
6141,False
6142,False
6143,False
6144,False
6145,False
6146,False
6147,True
6148,True
6149,True
6150,True
6151,True
6152,True
6153,False
6154,True
6155,True
6156,False
6157,True
6158,True
6159,True
6160,False
6161,False
6162,False
6163,False
6164,False
6165,True
6166,True
6167,True
6168,False
6169,False
6170,False
6171,False
6172,True
6173,False
6174,False
6175,True
6176,True
6177,True
6178,True
6179,False
6180,True
6181,True
6182,True
6183,True
6184,True
